customer_ref,company_name,billing_email,first_invoice_date,last_paid_invoice_date,contract_type
cus_000000500506,Verdigris Atlas Systems,ap@verdigris.com,2026-01-09,2026-08-03,monthly
cus_000000500908,Northgate Nimbus,ap@northgate.com,2023-09-16,2025-09-17,annual
cus_000000500195,Grupo Pena Analytics,ap@grupo.com,2023-08-17,2026-05-14,usage
cus_000000500960,Ferreira Servicos,ap@ferreira.com,2023-10-01,2026-04-27,usage
cus_000000500220,Quarry Onyx Holdings,ap@quarry.com,2025-05-13,2026-05-15,annual
cus_000000500177,Copperfield Summit Holdings,ap@copperfield.com,2022-10-30,2026-08-06,monthly
cus_000000500767,Munoz Holdings Onyx,ap@munoz.com,2025-03-08,2025-08-30,usage
cus_000000501054,Munoz Holdings Trading,ap@munoz.com,2024-01-31,2026-01-24,annual
cus_000000500447,Silverline Sterling Labs,ap@silverline.com,2023-07-04,2026-08-15,monthly
cus_000000500615,Cerulean Foundry,ap@cerulean.com,2023-06-26,2024-11-02,monthly
cus_000000500034,Verdigris Analytics,ap@verdigris.com,2025-01-18,2026-08-05,monthly
cus_000000500685,Underhill Cascade Group,ap@underhill.com,2023-12-01,2026-07-30,monthly
cus_000000501045,Orchard Supply Incorporated,ap@orchard.com,2024-11-28,2025-11-27,annual
cus_000000500029,Dovetail Cascade Corp,ap@dovetail.com,2025-11-10,2025-11-10,annual
cus_000000501013,Yarrow Nimbus LLC,ap@yarrow.com,2024-08-13,2025-08-11,annual
cus_000000500713,Eastvale Vector LLC,ap@eastvale.com,2024-07-14,2026-07-13,annual
cus_000000500807,Oakfield Nimbus Systems,ap@oakfield.com,2025-06-11,2025-06-11,annual
cus_000000500412,Alder Precision Systems,ap@alder.com,2023-08-22,2026-08-19,annual
cus_000000500794,Ironwood Pioneer Labs,ap@ironwood.com,2025-05-17,2026-08-03,monthly
cus_000000500001,Grupo Pena Lumen,ap@grupo.com,2023-09-01,2024-08-31,annual
cus_000000500091,Copperfield Analytics Corp,ap@copperfield.com,2022-11-30,2025-11-26,annual
cus_000000500110,Lakeshore Nimbus Partners,ap@lakeshore.com,2025-06-26,2026-07-23,monthly
cus_000000500329,Pinnacle Vector Partners,ap@pinnacle.com,2025-05-26,2026-08-10,monthly
cus_000000500097,NUNEZ CAPITAL SUPPLY,ap@nunez.com,2025-11-09,2025-11-09,annual
cus_000000500529,Alder Pioneer LLC,ap@alder.com,2024-11-07,2026-08-06,usage
cus_000000500269,Zenith Summit LLC,ap@zenith.com,2023-03-28,2026-03-28,annual
cus_000000501027,Glenrock Onyx Corp,ap@glenrock.com,2023-04-22,2026-04-23,annual
cus_000000500636,Dovetail Pioneer Holdings,ap@dovetail.com,2023-03-29,2025-02-16,monthly
cus_000000500802,Acme Keystone Systems,ap@acme.com,2024-09-16,2025-09-17,annual
cus_000000500309,PEMBERTON LUMEN CORP,ap@pemberton.com,2023-01-19,2025-01-23,annual
cus_000000500543,Meridian Clinical Partners,ap@meridian.com,2025-05-12,2026-06-30,usage
cus_000000500893,Glenrock Foundry Group,ap@glenrock.com,2022-11-18,2025-11-15,annual
cus_000000500590,Cranfield Beacon Labs,ap@cranfield.com,2025-03-09,2026-07-31,usage
cus_000000500557,Ironwood Lumen Holdings,ap@ironwood.com,2023-11-24,2025-11-24,annual
cus_000000501144,Harborview Coastal Systems,ap@harborview.com,2024-12-04,2026-08-19,monthly
cus_000000500487,Kestrel Analytics Labs,ap@kestrel.com,2024-03-24,2026-03-25,annual
cus_000000500148,NORTHWIND COASTAL LLC,ap@northwind.com,2024-05-21,2024-12-28,monthly
cus_000000500211,Meridian Lumen Labs,ap@meridian.com,2024-09-18,2025-09-18,annual
cus_000000501137,Dunmore Coastal Group,ap@dunmore.com,2025-12-02,2026-07-29,monthly
cus_000000500610,Acme Cascade Labs,ap@acme.com,2026-02-06,2026-02-06,annual
cus_000000501056,Andre Freres Trading,ap@andre.com,2024-04-14,2026-07-21,monthly
cus_000000501096,Cerulean Vector,ap@cerulean.com,2025-11-01,,monthly
cus_000000500864,Sao Bento Vector,ap@sao.com,2026-01-19,2026-07-27,usage
cus_000000500971,Vantage Cascade LLC - Div 2,ap@vantage.com,2023-11-17,2026-08-03,monthly
cus_000000501065,Quillfeather Vector,ap@quillfeather.com,2025-05-26,2026-07-18,monthly
cus_000000500753,Meridian Summit Holdings,ap@meridian.com,2025-03-04,2026-03-02,annual
cus_000000500241,Verdigris Digital,ap@verdigris.com,2025-05-06,2026-05-04,annual
cus_000000500315,Hollowway Nimbus Inc,ap@hollowway.com,2022-12-18,2025-12-16,annual
cus_000000500566,Redstone Pioneer Corp,ap@redstone.com,2025-12-16,2025-12-16,annual
cus_000000500789,YARROW SABLE GROUP,ap@yarrow.com,2025-06-06,2026-06-03,annual
cus_000000500464,Harborview Freight Systems,ap@harborview.com,2024-08-04,2026-08-17,usage
cus_000000500493,Eastvale Precision Systems,ap@eastvale.com,2024-01-27,2025-01-27,annual
cus_000000500018,Umbra Coastal Labs,ap@umbra.com,2024-09-24,2025-09-22,annual
cus_000000500112,CRANFIELD COMPASS CORP,ap@cranfield.com,2023-11-20,2025-11-17,annual
cus_000000501008,Hollowway Foundry Holdings,ap@hollowway.com,2023-03-11,2025-03-06,annual
cus_000000500855,Pemberton Compass Inc,ap@pemberton.com,2023-09-20,2026-05-31,usage
cus_000000500712,Quillfeather Foundry Group,ap@quillfeather.com,2025-10-30,2026-07-23,monthly
cus_000000500243,COPPERFIELD ONYX PARTNERS,ap@copperfield.com,2023-12-05,2026-08-10,monthly
cus_000000500010,Dovetail Onyx,ap@dovetail.com,2026-04-15,,monthly
cus_000000500179,VANTAGE ATLAS INC,ap@vantage.com,2023-08-12,2026-08-03,annual
cus_000000500238,Northwind Nimbus LLC,ap@northwind.com,2026-04-13,,annual
cus_000000500715,Hollowway Onyx Holdings,ap@hollowway.com,2022-10-31,2025-08-20,usage
cus_000000500791,Larkspur Precision,ap@larkspur.com,2023-11-15,2025-11-14,annual
cus_000000500328,INGLEWOOD KEYSTONE HOLDINGS,ap@inglewood.com,2023-02-18,2026-08-03,monthly
cus_000000501055,GARCIA SISTEMAS SUMMIT,ap@garcia.com,2026-05-08,,annual
cus_000000500884,Alder Atlas Partners,ap@alder.com,2024-01-12,2026-01-10,annual
cus_000000500132,Vantage Lumen Partners,ap@vantage.com,2022-12-21,2026-05-30,monthly
cus_000000500109,DUNMORE SUMMIT SYSTEMS,ap@dunmore.com,2025-01-01,2026-02-27,monthly
cus_000000500925,Lakeshore Clinical,ap@lakeshore.com,2025-06-21,2026-07-22,monthly
cus_000000500466,Glenrock Quantum Corp,ap@glenrock.com,2023-12-23,2025-12-24,annual
cus_000000500219,Orchard Trading Partners,ap@orchard.com,2023-01-14,2025-01-17,annual
cus_000000500596,Pinnacle Compass Inc,ap@pinnacle.com,2025-04-14,,annual
cus_000000500705,Harborview Quantum Inc.,ap@harborview.com,2023-05-10,2026-05-06,annual
cus_000000500059,VERDIGRIS ONYX INC,ap@verdigris.com,2024-03-24,2025-03-23,annual
cus_000000500657,Lakeshore Anchor Holdings,ap@lakeshore.com,2023-10-17,2025-10-15,annual
cus_000000500441,Dunmore Onyx,ap@dunmore.com,2024-11-29,2026-08-18,monthly
cus_000000500822,Lakeshore Atlas Partners,ap@lakeshore.com,2026-01-20,2026-07-21,monthly
cus_000000501076,Juniper Lumen Inc,ap@juniper.com,2024-03-25,2026-05-01,monthly
cus_000000500452,Stonebridge Trading,ap@stonebridge.com,2025-11-19,,annual
cus_000000500449,Larkspur Clinical LLC,ap@larkspur.com,2023-06-06,2026-06-04,annual
cus_000000500108,Quarry Vector Corp.,ap@quarry.com,2024-08-30,2025-08-29,annual
cus_000000500378,Fairmount Supply Corp,ap@fairmount.com,2024-07-06,2025-07-07,annual
cus_000000501069,Orchard Digital Systems,ap@orchard.com,2023-07-31,2026-08-02,annual
cus_000000500654,Pemberton Lumen Systems,ap@pemberton.com,2023-04-07,2026-07-25,usage
cus_000000500350,Cerulean Trading LLC,ap@cerulean.com,2026-07-04,2026-07-04,annual
cus_000000500165,Underhill Clinical Corp,ap@underhill.com,2023-10-21,2025-10-17,annual
cus_000000500141,Silverline Vector Inc,ap@silverline.com,2025-12-06,2025-12-06,annual
cus_000000500516,Stonebridge Freight Group,ap@stonebridge.com,2026-02-12,2026-08-08,monthly
cus_000000500277,Brightwater Summit Corporation,ap@brightwater.com,2025-01-17,2026-08-08,monthly
cus_000000500888,Westbrook Supply LLC,ap@westbrook.com,2024-05-02,2026-05-16,monthly
cus_000000500554,Juniper Compass Systems,ap@juniper.com,2023-03-20,2026-08-06,monthly
cus_000000501143,Northgate Sable Partners,ap@northgate.com,2023-06-28,2025-10-15,monthly
cus_000000501064,Ironwood Sable,ap@ironwood.com,2026-01-22,2026-01-22,annual
cus_000000500983,Pemberton Anchor Group,ap@pemberton.com,2023-05-24,2026-05-27,annual
cus_000000500535,Verdigris Analytics Partners,ap@verdigris.com,2024-04-02,2025-04-02,annual
cus_000000500354,Glenrock Trading LLC,ap@glenrock.com,2024-06-16,2026-07-22,monthly
cus_000000501103,VANTAGE PIONEER PARTNERS,ap@vantage.com,2023-07-11,2026-05-30,usage
cus_000000500865,NUNEZ CAPITAL CASCADE,ap@nunez.com,2024-03-01,2025-12-13,monthly
cus_000000500209,Whitmore Coastal Labs,ap@whitmore.com,2023-09-05,2026-08-14,usage
cus_000000500842,Kestrel Cascade Holdings,ap@kestrel.com,2024-02-23,2026-02-25,annual
cus_000000500182,Eastvale Precision,ap@eastvale.com,2025-06-05,2025-06-05,annual
cus_000000500882,Vantage Pioneer Labs,ap@vantage.com,2024-06-18,2026-01-07,monthly
cus_000000500366,Ravenswood Atlas,ap@ravenswood.com,2026-03-30,,annual
cus_000000500946,Umbra Sable Partners,ap@umbra.com,2025-01-11,2026-08-19,monthly
cus_000000500167,Oakfield Sable Partners,ap@oakfield.com,2023-08-09,2026-07-27,monthly
cus_000000500585,Umbra Pioneer,ap@umbra.com,2024-12-09,2026-08-08,monthly
cus_000000501139,Blackthorn Beacon,ap@blackthorn.com,2024-11-12,2026-07-29,monthly
cus_000000500624,Northgate Atlas,ap@northgate.com,2026-01-05,2026-08-10,monthly
cus_000000500942,COPPERFIELD SUMMIT LLC,ap@copperfield.com,2025-01-19,2026-08-10,monthly
cus_000000500175,Whitmore Analytics LLC,ap@whitmore.com,2025-07-22,2026-07-25,monthly
cus_000000500193,Guimaraes Log Clinical,ap@guimaraes.com,2025-10-12,2026-01-29,monthly
cus_000000500612,Kestrel Pioneer,ap@kestrel.com,2025-06-01,2026-05-29,annual
cus_000000500434,Northwind Summit LLC,ap@northwind.com,2025-06-10,2026-08-03,monthly
cus_000000500285,Andre Freres Pioneer,ap@andre.com,2025-12-18,,annual
cus_000000500869,Copperfield Coastal Corp.,ap@copperfield.com,2024-11-10,2025-11-10,annual
cus_000000500334,OAKFIELD ANCHOR HOLDINGS,ap@oakfield.com,2023-05-24,2026-05-19,annual
cus_000000500522,Zenith Beacon Incorporated,ap@zenith.com,2026-05-30,,monthly
cus_000000500305,Ravenswood Anchor Inc,ap@ravenswood.com,2026-06-23,,annual
cus_000000500436,Vantage Precision Inc.,ap@vantage.com,2024-11-14,2026-07-28,monthly
cus_000000500813,Dunmore Trading Systems,ap@dunmore.com,2026-05-02,2026-07-29,monthly
cus_000000500388,Nightingale Pioneer Labs,ap@nightingale.com,2022-12-19,2025-12-17,annual
cus_000000500353,Cerulean Analytics LLC,ap@cerulean.com,2024-07-09,2026-07-08,annual
cus_000000501114,Verdigris Clinical Inc.,ap@verdigris.com,2023-08-02,2026-08-01,monthly
cus_000000500773,Ironwood Beacon LLC,ap@ironwood.com,2023-01-26,2026-01-22,annual
cus_000000500275,Yarrow Digital Partners,ap@yarrow.com,2024-04-22,2026-08-14,monthly
cus_000000500553,Eastvale Lumen Inc,ap@eastvale.com,2025-10-18,,monthly
cus_000000500693,Whitmore Clinical Corp,ap@whitmore.com,2024-10-29,2026-07-28,monthly
cus_000000501127,Redstone Keystone Labs,ap@redstone.com,2026-06-27,,annual
cus_000000500923,Hollowway Trading Labs,ap@hollowway.com,2025-10-22,2025-10-22,annual
cus_000000500392,Inglewood Vector Inc.,ap@inglewood.com,2023-01-07,2026-07-25,monthly
cus_000000500786,Larkspur Vector Labs,ap@larkspur.com,2026-02-02,2026-02-02,annual
cus_000000500163,Marbury Cascade,ap@marbury.com,2024-07-19,2026-08-13,monthly
cus_000000500136,Pemberton Quantum Labs,ap@pemberton.com,2026-03-24,2026-08-18,monthly
cus_000000500602,Redstone Sterling Group,ap@redstone.com,2025-07-25,2026-08-04,monthly
cus_000000500470,Copperfield Sterling LLC,ap@copperfield.com,2026-03-09,,annual
cus_000000500153,Cranfield Trading Systems - Div 2,ap@cranfield.com,2025-01-11,2026-01-13,annual
cus_000000500005,Lopez y Asociados Analytics,ap@lopez.com,2024-05-18,2026-08-07,monthly
cus_000000500634,ACME CLINICAL LLC,ap@acme.com,2025-10-31,2025-11-29,monthly
cus_000000500593,Underhill Nimbus,ap@underhill.com,2023-08-30,2026-08-15,usage
cus_000000500579,Nunez Capital Precision,ap@nunez.com,2025-08-04,2026-04-05,monthly
cus_000000500793,Ironwood Pioneer Corp.,ap@ironwood.com,2025-10-30,2025-10-30,annual
cus_000000500090,Alder Compass LLC,ap@alder.com,2025-08-31,2026-08-04,monthly
cus_000000500863,Lopez y Asociados Quantum,ap@lopez.com,2026-03-04,2026-07-26,monthly
cus_000000500658,Ravenswood Sable,ap@ravenswood.com,2025-04-23,2025-04-23,annual
cus_000000500909,Cranfield Trading Inc,ap@cranfield.com,2026-04-04,2026-04-04,annual
cus_000000500184,Yarrow Quantum Partners,ap@yarrow.com,2025-05-01,2026-07-08,monthly
cus_000000500740,Marbury Sterling Labs,ap@marbury.com,2026-03-28,,annual
cus_000000500199,Blackthorn Analytics Corp.,ap@blackthorn.com,2023-08-03,2026-08-03,annual
cus_000000500011,Whitmore Cascade Partners,ap@whitmore.com,2025-04-13,2026-04-16,annual
cus_000000500028,Whitmore Analytics,ap@whitmore.com,2025-01-23,2026-07-02,monthly
cus_000000501041,OAKFIELD ATLAS SYSTEMS,ap@oakfield.com,2024-10-22,2026-08-20,monthly
cus_000000500009,Ironwood Sable,ap@ironwood.com,2026-05-15,2026-08-10,monthly
cus_000000500780,Alder Atlas Inc,ap@alder.com,2024-04-19,2025-07-05,monthly
cus_000000500861,Garcia Sistemas Sterling,ap@garcia.com,2026-04-30,2026-07-25,monthly
cus_000000500251,Dunmore Precision Inc,ap@dunmore.com,2024-11-08,2025-11-07,annual
cus_000000500495,Cranfield Precision LLC,ap@cranfield.com,2023-05-01,2025-04-30,annual
cus_000000500850,Oakfield Trading Partners,ap@oakfield.com,2026-03-13,2026-07-22,monthly
cus_000000500617,Whitmore Cascade Holdings,ap@whitmore.com,2024-10-14,2026-08-18,monthly
cus_000000500245,Cranfield Freight Labs,ap@cranfield.com,2023-09-17,2025-09-16,annual
cus_000000500891,Acme Vector Labs,ap@acme.com,2022-12-05,2025-11-29,annual
cus_000000500998,VERDIGRIS FOUNDRY HOLDINGS,ap@verdigris.com,2026-03-22,2026-08-16,monthly
cus_000000500991,Silverline Sable,ap@silverline.com,2024-09-24,2025-09-24,monthly
cus_000000500039,Tanglewood Cascade,ap@tanglewood.com,2025-04-30,2026-04-28,annual
cus_000000500137,Blackthorn Trading,ap@blackthorn.com,2023-12-11,2025-12-14,annual
cus_000000500589,Quillfeather Quantum Group,ap@quillfeather.com,2023-02-27,2026-03-02,annual
cus_000000501078,Westbrook Summit Labs,ap@westbrook.com,2022-11-29,2023-11-29,annual
cus_000000500293,Juniper Beacon LLC,ap@juniper.com,2023-08-01,2024-07-28,annual
cus_000000500935,Whitmore Summit Corporation,ap@whitmore.com,2024-10-26,2025-10-29,annual
cus_000000500606,Blackthorn Cascade Group,ap@blackthorn.com,2025-04-19,2026-07-30,monthly
cus_000000500872,Orchard Supply Group,ap@orchard.com,2023-02-17,2026-02-17,usage
cus_000000500261,SILVERLINE ANCHOR GROUP,ap@silverline.com,2026-02-02,2026-04-04,monthly
cus_000000500445,Yarrow Trading Corp,ap@yarrow.com,2024-11-15,2026-07-30,monthly
cus_000000500708,Whitmore Sterling Labs,ap@whitmore.com,2023-08-15,2025-08-08,annual
cus_000000500559,Lakeshore Freight Partners,ap@lakeshore.com,2025-01-14,2026-01-13,annual
cus_000000500070,Tanglewood Cascade Partners,ap@tanglewood.com,2025-04-15,2026-04-12,annual
cus_000000500188,Verdigris Lumen Corporation,ap@verdigris.com,2025-11-02,2025-11-02,annual
cus_000000500810,CRANFIELD FREIGHT INC,ap@cranfield.com,2025-12-25,2026-08-15,monthly
cus_000000501122,Ironwood Compass Systems,ap@ironwood.com,2024-10-11,2026-08-11,monthly
cus_000000500955,Lopez y Asociados Analytics II II,ap@lopez.com,2023-07-24,2026-08-20,monthly
cus_000000500062,Copperfield Nimbus Partners,ap@copperfield.com,2025-06-10,2026-05-01,monthly
cus_000000500675,Ferreira Servicos,ap@ferreira.com,2024-07-13,2026-07-20,monthly
cus_000000500103,Verdigris Quantum Inc,ap@verdigris.com,2024-04-09,2024-12-02,monthly
cus_000000500537,NORTHWIND TRADING SYSTEMS,ap@northwind.com,2023-03-06,2026-04-28,monthly
cus_000000500772,Vantage Clinical Corp,ap@vantage.com,2025-07-10,2025-12-07,monthly
cus_000000500560,Lakeshore Freight Partners - Subsidiary,ap@lakeshore.com,2024-12-31,2025-12-30,annual
cus_000000500420,Yellowfin Summit,ap@yellowfin.com,2025-09-22,2026-08-10,monthly
cus_000000500953,Yarrow Freight Incorporated,ap@yarrow.com,2023-10-11,2024-10-12,annual
cus_000000500215,Orchard Coastal Labs,ap@orchard.com,2025-02-08,2026-02-07,annual
cus_000000501001,Silverline Anchor Holdings,ap@silverline.com,2025-04-09,2026-07-27,monthly
cus_000000500722,Cranfield Trading LLC,ap@cranfield.com,2024-07-27,2025-07-27,annual
cus_000000500296,Juniper Keystone Incorporated,ap@juniper.com,2023-11-25,2026-08-15,monthly
cus_000000500365,Umbra Clinical Systems,ap@umbra.com,2024-11-03,2024-11-03,annual
cus_000000500746,Tanglewood Anchor Corp,ap@tanglewood.com,2023-02-07,2026-03-19,monthly
cus_000000500910,Quillfeather Vector Corp.,ap@quillfeather.com,2024-11-15,2025-11-17,annual
cus_000000501124,Dovetail Trading Systems - Div 2,ap@dovetail.com,2023-04-09,2026-04-07,annual
cus_000000500626,INGLEWOOD QUANTUM INC - Div 2,ap@inglewood.com,2025-06-27,2025-06-27,annual
cus_000000500922,Redstone Compass Systems,ap@redstone.com,2026-02-25,,annual
cus_000000500257,Fairmount Beacon Corp.,ap@fairmount.com,2024-02-24,2024-02-24,annual
cus_000000500264,Blackthorn Supply Holdings,ap@blackthorn.com,2023-04-07,2026-08-12,monthly
cus_000000500050,Cranfield Digital Systems,ap@cranfield.com,2024-07-02,2026-07-04,annual
cus_000000500603,Thornbury Coastal Holdings,ap@thornbury.com,2025-06-09,2026-08-10,monthly
cus_000000500608,Ravenswood Digital,ap@ravenswood.com,2024-10-20,2025-10-18,annual
cus_000000500966,Glenrock Coastal Labs,ap@glenrock.com,2025-04-04,,annual
cus_000000500381,Nunez Capital Coastal,ap@nunez.com,2026-02-13,,monthly
cus_000000500830,Underhill Atlas Partners,ap@underhill.com,2023-09-18,2026-07-26,monthly
cus_000000500187,Yellowfin Analytics LLC,ap@yellowfin.com,2024-11-25,2025-11-26,annual
cus_000000501034,Yarrow Quantum Corp.,ap@yarrow.com,2025-05-16,2026-07-31,monthly
cus_000000500669,Sao Bento Atlas,ap@sao.com,2025-08-22,2026-08-15,usage
cus_000000500239,Pinnacle Cascade,ap@pinnacle.com,2025-11-19,2025-11-19,annual
cus_000000501097,Glenrock Keystone Labs,ap@glenrock.com,2023-04-26,2026-04-25,annual
cus_000000500963,Redstone Cascade Corporation,ap@redstone.com,2023-11-24,2025-11-24,annual
cus_000000500748,Verdigris Vector Labs,ap@verdigris.com,2026-01-02,,monthly
cus_000000500821,Harborview Sable Systems,ap@harborview.com,2025-07-27,2026-07-27,annual
cus_000000500234,Ashcombe Analytics Labs,ap@ashcombe.com,2025-07-29,2026-07-31,annual
cus_000000500439,Quarry Freight Group,ap@quarry.com,2024-12-11,2025-12-12,annual
cus_000000500147,Nightingale Digital Inc,ap@nightingale.com,2025-12-20,2025-12-20,annual
cus_000000500020,Ashcombe Keystone,ap@ashcombe.com,2024-03-21,2026-03-20,annual
cus_000000500901,Oakfield Foundry Partners,ap@oakfield.com,2025-12-08,2025-12-08,annual
cus_000000500472,Verdigris Compass,ap@verdigris.com,2024-07-26,2025-07-27,annual
cus_000000500194,Ferreira Servicos Coastal,ap@ferreira.com,2026-04-14,2026-04-14,annual
cus_000000500839,Dovetail Nimbus Labs,ap@dovetail.com,2025-02-23,2025-02-23,annual
cus_000000501092,Westbrook Vector Holdings,ap@westbrook.com,2023-09-02,2026-07-30,monthly
cus_000000501036,Meridian Analytics Inc,ap@meridian.com,2023-10-21,2024-10-18,annual
cus_000000500216,Pinnacle Summit Labs,ap@pinnacle.com,2023-11-21,2025-11-20,annual
cus_000000500889,Pemberton Keystone Systems,ap@pemberton.com,2023-08-24,2025-08-21,usage
cus_000000500686,Eastvale Quantum Systems,ap@eastvale.com,2025-01-02,2026-01-03,annual
cus_000000500804,Verdigris Digital,ap@verdigris.com,2024-09-21,2026-08-18,monthly
cus_000000500482,Garcia Sistemas,ap@garcia.com,2023-07-22,2026-08-17,monthly
cus_000000500771,Yarrow Vector Partners,ap@yarrow.com,2023-04-18,2026-07-22,usage
cus_000000500210,Brightwater Summit LLC,ap@brightwater.com,2024-08-08,2026-01-28,monthly
cus_000000501136,Dunmore Sable Group,ap@dunmore.com,2024-05-10,2025-05-13,annual
cus_000000500476,Vasquez Media Trading,ap@vasquez.com,2024-11-15,2025-05-16,monthly
cus_000000501040,Ravenswood Precision LLC,ap@ravenswood.com,2024-11-30,2026-07-27,monthly
cus_000000501133,Silverline Trading Group,ap@silverline.com,2026-07-01,2026-07-01,annual
cus_000000501047,Marbury Freight Group - Div 2,ap@marbury.com,2025-06-22,2026-08-03,usage
cus_000000501084,Cranfield Pioneer Group,ap@cranfield.com,2025-11-05,2025-11-05,annual
cus_000000500288,Sao Bento Precision - Div 2,ap@sao.com,2025-11-02,2026-07-24,usage
cus_000000500242,Whitmore Atlas LLC,ap@whitmore.com,2025-07-19,2026-08-12,monthly
cus_000000500169,Verdigris Atlas Holdings,ap@verdigris.com,2026-03-12,,annual
cus_000000500338,Pinnacle Sterling,ap@pinnacle.com,2022-12-23,2025-12-26,annual
cus_000000500518,WHITMORE QUANTUM CORP,ap@whitmore.com,2024-09-08,2026-07-30,monthly
cus_000000500295,BLACKTHORN FREIGHT PARTNERS,ap@blackthorn.com,2024-05-08,2025-11-29,monthly
cus_000000500339,Orchard Atlas LLC,ap@orchard.com,2024-10-24,2026-04-15,monthly
cus_000000500900,Glenrock Onyx Incorporated,ap@glenrock.com,2025-03-06,2026-07-26,monthly
cus_000000500438,Fairmount Lumen,ap@fairmount.com,2023-11-09,2025-11-11,annual
cus_000000500196,Munoz Holdings Compass,ap@munoz.com,2023-05-03,2026-05-02,annual
cus_000000500403,Ashcombe Cascade Group,ap@ashcombe.com,2022-12-31,2026-08-15,monthly
cus_000000501048,Copperfield Atlas Inc,ap@copperfield.com,2023-08-08,2026-08-15,monthly
cus_000000500164,Marbury Cascade LLC - EMEA,ap@marbury.com,2024-07-16,2026-08-06,monthly
cus_000000500497,Kestrel Cascade Labs,ap@kestrel.com,2024-06-12,2026-08-09,monthly
cus_000000500297,Tanglewood Freight Systems,ap@tanglewood.com,2023-08-20,2026-08-18,annual
cus_000000501007,Ironwood Precision Systems,ap@ironwood.com,2024-05-06,2026-05-07,annual
cus_000000500030,WESTBROOK KEYSTONE LLC,ap@westbrook.com,2026-01-16,2026-08-12,monthly
cus_000000500125,DUNMORE QUANTUM LABS,ap@dunmore.com,2023-01-02,2026-08-04,monthly
cus_000000500247,MARBURY COMPASS CORP,ap@marbury.com,2025-10-09,2026-08-11,monthly
cus_000000500737,Redstone Pioneer Inc,ap@redstone.com,2025-03-18,2025-03-18,annual
cus_000000500213,Pemberton Atlas Corp,ap@pemberton.com,2025-05-07,2026-08-06,monthly
cus_000000500004,Andre Freres Digital,ap@andre.com,2024-12-07,2026-07-26,monthly
cus_000000500008,Hollowway Sable Labs,ap@hollowway.com,2025-02-23,2026-08-18,monthly
cus_000000500095,Lopez y Asociados Analytics,ap@lopez.com,2023-06-22,2026-08-02,monthly
cus_000000500948,Blackthorn Trading,ap@blackthorn.com,2024-07-06,2026-01-26,monthly
cus_000000500222,Ravenswood Supply Labs,ap@ravenswood.com,2023-03-04,2025-11-18,monthly
cus_000000500068,ZENITH SUPPLY GROUP,ap@zenith.com,2023-04-15,2026-04-11,annual
cus_000000500656,INGLEWOOD COMPASS GROUP,ap@inglewood.com,2023-05-04,2025-09-07,monthly
cus_000000500625,Inglewood Quantum,ap@inglewood.com,2025-07-12,2025-07-12,annual
cus_000000500857,Juniper Sable Partners,ap@juniper.com,2026-05-22,2026-05-22,annual
cus_000000500795,Oakfield Compass Systems,ap@oakfield.com,2025-11-30,2025-11-30,annual
cus_000000500801,Harborview Foundry Holdings,ap@harborview.com,2026-04-21,2026-04-21,annual
cus_000000500312,Thornbury Coastal Partners,ap@thornbury.com,2024-10-14,2025-10-16,annual
cus_000000500538,Dovetail Lumen Group,ap@dovetail.com,2026-06-04,2026-06-04,annual
cus_000000500043,Blackthorn Anchor Partners,ap@blackthorn.com,2025-09-28,2025-09-28,annual
cus_000000500613,Marbury Quantum Corp,ap@marbury.com,2023-04-14,2024-12-26,usage
cus_000000500849,QUILLFEATHER ATLAS HOLDINGS,ap@quillfeather.com,2024-03-27,2026-08-06,usage
cus_000000500385,Guimaraes Log Sable,ap@guimaraes.com,2023-08-13,2026-08-07,annual
cus_000000501015,Vantage Pioneer Group,ap@vantage.com,2023-08-27,2026-08-15,monthly
cus_000000500551,Ironwood Compass Partners - Div 2,ap@ironwood.com,2025-07-30,,annual
cus_000000500488,Pemberton Lumen Holdings,ap@pemberton.com,2025-03-08,2026-08-16,monthly
cus_000000500838,Glenrock Keystone LLC,ap@glenrock.com,2024-09-25,2025-09-24,annual
cus_000000500133,INGLEWOOD DIGITAL HOLDINGS,ap@inglewood.com,2023-05-20,2026-08-19,monthly
cus_000000500877,Redstone Sable Corporation,ap@redstone.com,2025-12-28,2026-07-30,monthly
cus_000000501100,Eastvale Compass LLC,ap@eastvale.com,2023-05-11,2024-12-28,monthly
cus_000000500620,Tanglewood Freight Incorporated,ap@tanglewood.com,2025-07-06,2026-07-07,annual
cus_000000500235,Quillfeather Trading Holdings,ap@quillfeather.com,2024-05-26,2025-07-21,monthly
cus_000000500155,Meridian Sterling Labs,ap@meridian.com,2023-08-31,2026-08-19,monthly
cus_000000500885,Quillfeather Quantum,ap@quillfeather.com,2022-11-08,2024-11-05,annual
cus_000000500568,YARROW FOUNDRY HOLDINGS,ap@yarrow.com,2023-07-12,2026-07-13,annual
cus_000000500933,Cerulean Freight Corp,ap@cerulean.com,2024-08-16,2026-08-13,annual
cus_000000500800,Fairmount Quantum Systems,ap@fairmount.com,2024-11-28,2025-12-01,annual
cus_000000500084,Pinnacle Lumen Partners,ap@pinnacle.com,2024-09-11,2026-08-13,monthly
cus_000000500611,Dovetail Sterling Corp.,ap@dovetail.com,2023-09-15,2025-09-18,annual
cus_000000500982,Thornbury Lumen Group,ap@thornbury.com,2026-06-28,2026-07-25,monthly
cus_000000500949,Marbury Anchor Inc,ap@marbury.com,2025-06-17,2026-06-20,annual
cus_000000501116,Dovetail Anchor LLC,ap@dovetail.com,2024-07-31,2026-08-17,usage
cus_000000500690,Silverline Cascade,ap@silverline.com,2024-04-24,2026-04-19,annual
cus_000000501009,Umbra Precision Group,ap@umbra.com,2024-09-30,2025-09-30,annual
cus_000000500827,Zenith Supply LLC,ap@zenith.com,2024-04-17,2026-07-29,monthly
cus_000000500701,Umbra Precision Holdings,ap@umbra.com,2023-12-19,2026-08-12,monthly
cus_000000500252,Lakeshore Compass Labs,ap@lakeshore.com,2023-06-07,2026-08-20,monthly
cus_000000500322,Ravenswood Precision Labs,ap@ravenswood.com,2024-11-29,2026-07-27,monthly
cus_000000500158,Vantage Precision,ap@vantage.com,2025-12-11,2025-12-11,annual
cus_000000500512,Quillfeather Pioneer Corp,ap@quillfeather.com,2024-06-14,2026-08-05,monthly
cus_000000500642,Cranfield Cascade LLC,ap@cranfield.com,2023-03-29,2026-07-26,usage
cus_000000500047,Dovetail Vector LLC,ap@dovetail.com,2023-12-11,2026-04-23,monthly
cus_000000500298,Redstone Coastal Partners,ap@redstone.com,2025-01-17,2026-08-18,monthly
cus_000000501023,Underhill Pioneer,ap@underhill.com,2025-02-07,2026-04-30,monthly
cus_000000500710,Zenith Anchor Holdings,ap@zenith.com,2023-07-09,2025-07-30,monthly
cus_000000500407,Quillfeather Trading LLC,ap@quillfeather.com,2023-11-15,2025-11-13,annual
cus_000000501088,Eastvale Digital Systems,ap@eastvale.com,2025-11-07,2025-11-07,annual
cus_000000500040,Acme Digital Holdings,ap@acme.com,2026-02-27,2026-08-19,monthly
cus_000000500499,Silverline Beacon Systems,ap@silverline.com,2024-07-30,2026-07-27,annual
cus_000000500532,Juniper Lumen Corp.,ap@juniper.com,2024-05-18,2026-08-12,usage
cus_000000500016,Acme Freight Group,ap@acme.com,2025-06-20,2026-08-19,usage
cus_000000500151,ZENITH CASCADE LLC,ap@zenith.com,2023-03-15,2026-07-25,monthly
cus_000000500924,Umbra Anchor LLC,ap@umbra.com,2023-10-05,2025-06-03,monthly
cus_000000500484,Alder Atlas Labs,ap@alder.com,2024-05-01,2026-08-16,monthly
cus_000000500515,Cranfield Clinical,ap@cranfield.com,2024-09-20,2026-07-24,usage
cus_000000500149,Harborview Pioneer,ap@harborview.com,2023-04-08,2026-08-12,monthly
cus_000000500629,Yarrow Anchor,ap@yarrow.com,2024-08-02,2026-07-11,monthly
cus_000000501012,Nightingale Coastal Holdings,ap@nightingale.com,2024-09-23,2025-09-24,annual
cus_000000500424,Alder Freight Labs,ap@alder.com,2026-03-30,,annual
cus_000000500212,Zenith Keystone Systems,ap@zenith.com,2026-07-14,2026-07-14,annual
cus_000000500829,CRANFIELD SABLE SYSTEMS,ap@cranfield.com,2024-10-23,2025-10-24,annual
cus_000000500300,IRONWOOD DIGITAL GROUP,ap@ironwood.com,2023-03-29,2025-04-01,annual
cus_000000500031,Glenrock Clinical Systems,ap@glenrock.com,2024-08-26,2026-08-17,usage
cus_000000500086,Umbra Coastal Incorporated,ap@umbra.com,2023-06-27,2026-06-24,annual
cus_000000501072,Kestrel Onyx,ap@kestrel.com,2024-12-15,2025-12-12,annual
cus_000000500459,ALDER SABLE GROUP,ap@alder.com,2025-04-08,2025-11-28,monthly
cus_000000501082,Blackthorn Anchor Labs,ap@blackthorn.com,2026-03-19,,monthly
cus_000000500720,Ironwood Trading Systems,ap@ironwood.com,2024-02-03,2026-02-02,annual
cus_000000500226,Marbury Supply Systems,ap@marbury.com,2023-06-29,2025-07-22,monthly
cus_000000501028,Yellowfin Lumen Labs,ap@yellowfin.com,2024-01-27,2025-12-07,usage
cus_000000500536,Verdigris Sable Partners,ap@verdigris.com,2026-08-01,2026-08-01,annual
cus_000000500725,Harborview Supply LLC,ap@harborview.com,2026-02-27,,annual
cus_000000500627,Verdigris Sterling Labs,ap@verdigris.com,2025-07-22,2026-08-20,monthly
cus_000000500025,Zenith Vector Labs,ap@zenith.com,2025-06-05,2026-06-02,annual
cus_000000500874,Pinnacle Digital Group,ap@pinnacle.com,2024-06-27,2025-12-23,monthly
cus_000000500947,Glenrock Digital Partners,ap@glenrock.com,2024-01-20,2026-01-16,annual
cus_000000500104,Dunmore Trading Group,ap@dunmore.com,2023-02-26,2026-07-07,monthly
cus_000000500934,Whitmore Summit Holdings,ap@whitmore.com,2026-04-25,,annual
cus_000000500944,Yarrow Clinical,ap@yarrow.com,2026-03-02,2026-03-02,annual
cus_000000501104,Copperfield Onyx Systems,ap@copperfield.com,2026-01-18,,annual
cus_000000500714,Whitmore Sterling Inc,ap@whitmore.com,2025-07-04,2026-07-27,monthly
cus_000000500521,Harborview Nimbus Inc,ap@harborview.com,2024-09-06,2026-08-05,monthly
cus_000000500755,Silverline Cascade Incorporated,ap@silverline.com,2024-09-05,2024-09-05,annual
cus_000000500426,Underhill Sable Partners,ap@underhill.com,2026-06-07,,annual
cus_000000500173,Kestrel Summit Systems,ap@kestrel.com,2024-02-23,2026-05-23,monthly
cus_000000500107,Northgate Summit Holdings,ap@northgate.com,2025-07-14,2025-11-01,usage
cus_000000500702,Cranfield Clinical Group,ap@cranfield.com,2024-09-23,2025-09-26,annual
cus_000000500570,Ashcombe Keystone Partners,ap@ashcombe.com,2025-08-15,,usage
cus_000000500979,Meridian Precision LLC,ap@meridian.com,2026-06-26,,usage
cus_000000500621,Umbra Pioneer LLC,ap@umbra.com,2026-05-14,,monthly
cus_000000500444,Northgate Cascade Holdings,ap@northgate.com,2023-12-08,2025-09-09,monthly
cus_000000500428,Tanglewood Pioneer Systems,ap@tanglewood.com,2023-08-11,2026-08-04,annual
cus_000000501120,PINNACLE SUMMIT INC,ap@pinnacle.com,2023-09-16,2025-09-15,annual
cus_000000500224,Inglewood Precision Holdings,ap@inglewood.com,2024-10-30,2026-01-30,monthly
cus_000000500146,Vantage Sable,ap@vantage.com,2023-09-26,2025-09-24,annual
cus_000000500181,Acme Keystone Holdings,ap@acme.com,2025-05-08,2026-08-01,monthly
cus_000000501070,Orchard Digital Systems - Div 2,ap@orchard.com,2023-07-22,2026-07-18,annual
cus_000000500178,Copperfield Summit Inc,ap@copperfield.com,2024-04-16,2026-04-15,annual
cus_000000500571,Ravenswood Analytics Inc,ap@ravenswood.com,2025-02-12,2026-08-02,usage
cus_000000500061,Eastvale Compass Holdings,ap@eastvale.com,2023-08-11,2026-04-28,monthly
cus_000000500871,Zenith Quantum Corp,ap@zenith.com,2024-07-26,2026-03-27,monthly
cus_000000501123,Dovetail Trading Systems,ap@dovetail.com,2023-04-16,2026-04-11,annual
cus_000000500895,Larkspur Keystone,ap@larkspur.com,2024-11-24,2026-08-05,monthly
cus_000000500992,Umbra Atlas LLC,ap@umbra.com,2024-06-04,2026-05-31,annual
cus_000000500087,Acme Keystone Partners,ap@acme.com,2024-08-19,2026-08-19,annual
cus_000000500513,Oakfield Nimbus Corp.,ap@oakfield.com,2024-09-30,2026-07-17,usage
cus_000000500594,Copperfield Vector Labs,ap@copperfield.com,2023-01-14,2026-07-19,usage
cus_000000500017,Inglewood Pioneer LLC,ap@inglewood.com,2025-05-01,2026-07-28,usage
cus_000000500079,Yarrow Sable Inc,ap@yarrow.com,2025-06-25,2025-06-25,annual
cus_000000500462,Silverline Compass Labs,ap@silverline.com,2026-02-23,,usage
cus_000000501022,Northgate Digital Group,ap@northgate.com,2024-03-10,2026-03-08,annual
cus_000000500375,Copperfield Onyx Inc,ap@copperfield.com,2023-06-06,2025-06-05,annual
cus_000000500836,Stonebridge Nimbus,ap@stonebridge.com,2025-06-02,2025-06-02,annual
cus_000000500171,Ashcombe Clinical Group,ap@ashcombe.com,2026-06-13,,monthly
cus_000000500337,Ashcombe Analytics Corp,ap@ashcombe.com,2022-12-17,2025-12-18,annual
cus_000000500668,Lopez y Asociados Coastal,ap@lopez.com,2023-10-03,2026-07-24,usage
cus_000000500904,Stonebridge Keystone,ap@stonebridge.com,2024-12-07,2024-12-07,annual
cus_000000500051,Nightingale Onyx Inc.,ap@nightingale.com,2023-09-03,2026-08-16,monthly
cus_000000500263,Silverline Vector Systems,ap@silverline.com,2023-02-20,2026-08-06,monthly
cus_000000500440,Whitmore Keystone Group,ap@whitmore.com,2026-06-29,2026-08-01,monthly
cus_000000500172,Ashcombe Clinical,ap@ashcombe.com,2024-08-04,2026-08-03,annual
cus_000000500346,Cerulean Foundry Holdings,ap@cerulean.com,2025-03-16,2026-03-16,annual
cus_000000500678,Acme Vector Systems,ap@acme.com,2024-10-26,2025-10-25,annual
cus_000000500989,Stonebridge Freight LLC,ap@stonebridge.com,2023-10-23,2025-10-24,annual
cus_000000500894,Dovetail Pioneer Labs,ap@dovetail.com,2024-12-17,2026-08-12,monthly
cus_000000500892,Umbra Keystone LLC,ap@umbra.com,2025-01-29,2026-07-24,monthly
cus_000000500913,Eastvale Digital Inc,ap@eastvale.com,2025-02-08,2026-07-21,usage
cus_000000500764,Guimaraes Log Trading,ap@guimaraes.com,2023-05-22,2025-06-21,monthly
cus_000000501109,Ironwood Foundry,ap@ironwood.com,2026-02-19,2026-02-19,annual
cus_000000500951,Vantage Coastal Group,ap@vantage.com,2025-12-28,,annual
cus_000000501094,Zenith Supply Labs,ap@zenith.com,2023-04-07,2026-04-08,annual
cus_000000500619,YARROW PRECISION CORP,ap@yarrow.com,2025-08-16,2025-08-16,annual
cus_000000501050,Vasquez Media,ap@vasquez.com,2024-07-20,2026-03-17,monthly
cus_000000500157,Alder Compass Systems,ap@alder.com,2023-01-24,2026-01-26,annual
cus_000000500823,Yellowfin Sable Systems,ap@yellowfin.com,2025-11-17,2025-11-17,annual
cus_000000500033,Harborview Supply - LATAM,ap@harborview.com,2023-09-20,2026-06-10,usage
cus_000000500528,Brightwater Supply Corp,ap@brightwater.com,2024-11-15,2025-09-13,monthly
cus_000000500905,Inglewood Supply Inc,ap@inglewood.com,2024-12-29,2026-08-16,monthly
cus_000000501020,Blackthorn Summit Group,ap@blackthorn.com,2024-08-22,2025-08-24,annual
cus_000000501089,Brightwater Clinical Group,ap@brightwater.com,2024-04-17,2026-08-18,monthly
cus_000000500778,Umbra Freight Group,ap@umbra.com,2023-08-12,2024-08-11,annual
cus_000000500344,Dovetail Summit Group,ap@dovetail.com,2023-05-31,2024-10-21,monthly
cus_000000500540,Pinnacle Analytics Corp,ap@pinnacle.com,2025-07-18,,annual
cus_000000500758,Inglewood Analytics Group,ap@inglewood.com,2023-07-19,2025-07-18,annual
cus_000000500588,Quarry Summit LLC,ap@quarry.com,2025-11-03,2026-07-27,monthly
cus_000000500131,Hollowway Pioneer Holdings,ap@hollowway.com,2026-02-27,2026-07-28,monthly
cus_000000501121,Fairmount Lumen Inc,ap@fairmount.com,2024-09-20,2026-08-12,usage
cus_000000500555,Cerulean Precision LLC,ap@cerulean.com,2022-10-27,2026-05-13,monthly
cus_000000500652,Vantage Foundry,ap@vantage.com,2026-07-01,,monthly
cus_000000500218,Ravenswood Coastal Labs,ap@ravenswood.com,2023-03-12,2026-08-16,monthly
cus_000000500064,Ironwood Sterling Labs,ap@ironwood.com,2025-05-02,2025-05-02,annual
cus_000000500120,Underhill Freight Corp,ap@underhill.com,2025-09-04,2026-05-03,usage
cus_000000500835,Marbury Nimbus Partners,ap@marbury.com,2026-03-05,,annual
cus_000000500098,Perez Group Foundry,ap@perez.com,2023-02-12,2024-11-14,monthly
cus_000000500072,Lakeshore Supply Labs,ap@lakeshore.com,2023-11-18,2024-11-16,annual
cus_000000501099,Ironwood Keystone,ap@ironwood.com,2026-06-01,,annual
cus_000000500969,Acme Compass Partners,ap@acme.com,2023-09-10,2026-07-27,monthly
cus_000000500867,Ravenswood Summit,ap@ravenswood.com,2025-11-13,2026-07-22,monthly
cus_000000501102,Larkspur Keystone,ap@larkspur.com,2025-06-07,2026-06-04,annual
cus_000000501063,Alder Trading Group,ap@alder.com,2024-01-12,2026-01-07,annual
cus_000000500984,Acme Supply,ap@acme.com,2025-07-07,2026-08-13,monthly
cus_000000500279,Dunmore Vector Holdings,ap@dunmore.com,2023-09-19,2026-07-29,monthly
cus_000000500435,Yellowfin Sterling Group,ap@yellowfin.com,2025-03-20,2025-03-20,annual
cus_000000500876,Redstone Sable LLC,ap@redstone.com,2025-01-18,2026-08-19,usage
cus_000000500417,Harborview Digital Partners,ap@harborview.com,2022-11-09,2025-11-06,annual
cus_000000500967,Yellowfin Sable,ap@yellowfin.com,2026-05-13,2026-08-13,monthly
cus_000000500489,Quarry Pioneer Corp,ap@quarry.com,2026-05-20,2026-08-19,monthly
cus_000000500160,Underhill Coastal Corp,ap@underhill.com,2024-03-28,2026-07-25,monthly
cus_000000500696,Copperfield Freight Systems,ap@copperfield.com,2026-03-13,,monthly
cus_000000501030,Northgate Sterling LLC,ap@northgate.com,2023-12-24,2024-10-22,monthly
cus_000000501018,Westbrook Sable Partners,ap@westbrook.com,2025-11-27,2025-11-27,annual
cus_000000500291,Quarry Anchor Labs,ap@quarry.com,2023-01-18,2024-11-06,monthly
cus_000000500534,Juniper Coastal Partners,ap@juniper.com,2026-03-08,,annual
cus_000000500468,Eastvale Analytics Corp,ap@eastvale.com,2024-10-31,2026-07-21,monthly
cus_000000500770,Glenrock Foundry Systems,ap@glenrock.com,2025-05-16,2026-05-15,annual
cus_000000500408,Vantage Beacon,ap@vantage.com,2026-07-11,,monthly
cus_000000500331,Fairmount Onyx Systems,ap@fairmount.com,2025-08-26,2026-02-15,monthly
cus_000000500774,Westbrook Foundry Labs,ap@westbrook.com,2025-02-07,2026-08-19,usage
cus_000000500816,Brightwater Supply Group,ap@brightwater.com,2025-05-21,,usage
cus_000000500271,Northwind Analytics,ap@northwind.com,2023-09-18,2024-09-17,annual
cus_000000500578,Sao Bento,ap@sao.com,2025-10-24,2026-08-11,monthly
cus_000000500111,Northgate Vector,ap@northgate.com,2025-09-02,,monthly
cus_000000501138,Dovetail Sterling,ap@dovetail.com,2023-04-16,2026-04-17,annual
cus_000000500088,Pinnacle Sterling LLC,ap@pinnacle.com,2024-02-20,2026-04-14,monthly
cus_000000500673,Vasquez Media Trading II,ap@vasquez.com,2025-03-09,2025-03-09,monthly
cus_000000500349,Ashcombe Analytics Group,ap@ashcombe.com,2023-03-22,2025-11-09,monthly
cus_000000500048,Cranfield Atlas Labs,ap@cranfield.com,2026-03-23,2026-03-23,annual
cus_000000500756,Vantage Digital,ap@vantage.com,2023-02-21,2023-02-21,annual
cus_000000500129,Marbury Quantum Partners,ap@marbury.com,2025-12-16,,annual
cus_000000500616,Brightwater Trading Group,ap@brightwater.com,2024-07-13,2026-08-10,monthly
cus_000000500917,Alder Quantum LLC,ap@alder.com,2023-05-18,2026-02-05,usage
cus_000000500044,Whitmore Lumen Holdings,ap@whitmore.com,2023-07-19,2026-07-31,monthly
cus_000000500750,Dunmore Analytics Group,ap@dunmore.com,2024-08-21,2026-08-13,monthly
cus_000000500932,Larkspur Digital,ap@larkspur.com,2025-03-30,2026-04-02,annual
cus_000000500486,Alder Keystone Systems,ap@alder.com,2025-01-20,2026-01-18,annual
cus_000000500065,Inglewood Pioneer Systems,ap@inglewood.com,2024-09-19,2025-09-21,annual
cus_000000500176,Pinnacle Clinical Inc,ap@pinnacle.com,2024-05-17,2026-08-20,usage
cus_000000500113,Brightwater Nimbus Labs,ap@brightwater.com,2025-03-27,2026-06-15,monthly
cus_000000501060,Quarry Digital LLC,ap@quarry.com,2026-05-28,,annual
cus_000000500191,Hernandez Retail Keystone,ap@hernandez.com,2023-05-28,2026-08-07,monthly
cus_000000500227,Glenrock Nimbus,ap@glenrock.com,2023-02-22,2026-02-17,annual
cus_000000500456,Umbra Foundry,ap@umbra.com,2026-07-01,,monthly
cus_000000500519,Westbrook Lumen Corp,ap@westbrook.com,2026-02-25,,annual
cus_000000500284,Garcia Sistemas,ap@garcia.com,2024-12-23,2025-12-24,annual
cus_000000500847,Blackthorn Quantum Holdings,ap@blackthorn.com,2023-07-25,2026-07-25,annual
cus_000000500581,Vantage Analytics Labs,ap@vantage.com,2023-10-13,2026-07-26,monthly
cus_000000500886,ALDER PIONEER PARTNERS,ap@alder.com,2023-08-06,2026-08-06,annual
cus_000000500541,Umbra Precision Corp,ap@umbra.com,2025-01-13,2026-01-10,annual
cus_000000500342,Quillfeather Anchor Partners,ap@quillfeather.com,2023-08-04,2026-07-30,monthly
cus_000000501101,Whitmore Anchor,ap@whitmore.com,2025-11-30,2025-11-30,annual
cus_000000500641,Thornbury Digital Group,ap@thornbury.com,2024-10-12,2025-10-11,annual
cus_000000500262,Larkspur Anchor Systems,ap@larkspur.com,2022-11-04,2026-08-04,monthly
cus_000000500507,ASHCOMBE SABLE GROUP,ap@ashcombe.com,2024-03-02,2026-03-01,annual
cus_000000500749,Fairmount Digital Systems,ap@fairmount.com,2025-12-15,2025-12-15,annual
cus_000000500665,Yellowfin Pioneer Corp,ap@yellowfin.com,2026-03-28,,monthly
cus_000000501113,Meridian Summit Partners,ap@meridian.com,2025-09-06,2026-03-25,monthly
cus_000000500348,Verdigris Quantum Holdings,ap@verdigris.com,2025-01-20,2026-01-20,annual
cus_000000501132,Northwind Nimbus Partners,ap@northwind.com,2025-01-17,2026-01-24,monthly
cus_000000500400,Verdigris Clinical Partners,ap@verdigris.com,2025-06-03,2026-05-31,annual
cus_000000500649,Acme Anchor LLC,ap@acme.com,2024-10-28,2026-07-24,monthly
cus_000000500726,Dovetail Beacon LLC,ap@dovetail.com,2025-03-07,2026-08-04,usage
cus_000000500168,Copperfield Foundry Holdings,ap@copperfield.com,2023-05-02,2026-04-28,annual
cus_000000500274,Nightingale Precision Group,ap@nightingale.com,2025-06-25,2026-07-23,usage
cus_000000501010,Dunmore Quantum,ap@dunmore.com,2023-09-07,2025-09-11,annual
cus_000000500574,Munoz Holdings Quantum,ap@munoz.com,2023-10-05,2025-10-04,annual
cus_000000500505,Marbury Coastal,ap@marbury.com,2026-01-05,,usage
cus_000000500102,Ferreira Servicos Vector,ap@ferreira.com,2024-08-31,2026-08-07,monthly
cus_000000500926,Pinnacle Coastal Partners,ap@pinnacle.com,2023-08-31,2026-01-29,monthly
cus_000000500101,Guimaraes Log Onyx,ap@guimaraes.com,2022-12-16,2026-08-05,monthly
cus_000000500959,Vasquez Media Coastal,ap@vasquez.com,2024-03-07,2025-12-02,monthly
cus_000000500287,Sao Bento Precision,ap@sao.com,2025-11-12,2026-08-04,usage
cus_000000500508,Marbury Summit,ap@marbury.com,2024-03-03,2026-08-08,monthly
cus_000000500192,VASQUEZ MEDIA SUMMIT,ap@vasquez.com,2023-06-01,2026-05-26,annual
cus_000000500071,NORTHGATE CASCADE CORP,ap@northgate.com,2026-05-04,2026-07-31,monthly
cus_000000500377,Hollowway Nimbus Labs,ap@hollowway.com,2023-08-17,2026-08-08,annual
cus_000000500458,Underhill Anchor,ap@underhill.com,2023-05-22,2025-05-15,annual
cus_000000500704,Meridian Supply Holdings,ap@meridian.com,2024-10-19,2024-10-19,annual
cus_000000501098,VERDIGRIS STERLING CORP,ap@verdigris.com,2023-08-21,2025-07-07,monthly
cus_000000500362,Brightwater Summit Systems,ap@brightwater.com,2026-06-09,2026-08-03,monthly
cus_000000500759,Quarry Atlas Holdings,ap@quarry.com,2024-05-03,2026-08-09,monthly
cus_000000500207,Northwind Lumen Group,ap@northwind.com,2023-05-23,2025-10-27,monthly
cus_000000500577,Lopez y Asociados,ap@lopez.com,2024-01-26,2026-07-21,monthly
cus_000000500265,Kestrel Analytics Systems,ap@kestrel.com,2022-12-06,2025-12-09,annual
cus_000000500159,Dunmore Coastal Labs,ap@dunmore.com,2023-11-07,2026-05-31,monthly
cus_000000500250,Larkspur Cascade,ap@larkspur.com,2025-12-23,2025-12-23,annual
cus_000000500144,Nightingale Anchor Labs,ap@nightingale.com,2024-10-20,2026-03-12,usage
cus_000000501130,Orchard Nimbus Partners,ap@orchard.com,2024-02-12,2025-01-06,monthly
cus_000000500283,Munoz Holdings Freight,ap@munoz.com,2024-02-09,2025-02-08,annual
cus_000000500317,Redstone Keystone Group,ap@redstone.com,2026-05-28,,annual
cus_000000501044,Oakfield Freight Holdings,ap@oakfield.com,2026-04-10,2026-04-10,annual
cus_000000500684,Pinnacle Freight Labs,ap@pinnacle.com,2024-01-29,2026-08-19,usage
cus_000000500217,SILVERLINE STERLING SYSTEMS,ap@silverline.com,2026-02-26,2026-02-26,annual
cus_000000500406,Ironwood Pioneer Holdings,ap@ironwood.com,2023-06-10,2026-06-14,annual
cus_000000500697,Fairmount Supply Labs,ap@fairmount.com,2024-11-12,2025-11-14,annual
cus_000000500844,Redstone Compass Holdings,ap@redstone.com,2026-04-02,2026-04-02,annual
cus_000000501079,Alder Supply Labs,ap@alder.com,2025-08-15,2026-08-17,annual
cus_000000500078,Tanglewood Analytics Corp,ap@tanglewood.com,2025-12-01,2025-12-01,annual
cus_000000500038,Nightingale Supply Inc,ap@nightingale.com,2024-07-25,2026-08-18,usage
cus_000000501014,Marbury Precision Inc.,ap@marbury.com,2024-04-21,2026-08-08,monthly
cus_000000500467,Ironwood Beacon Group,ap@ironwood.com,2025-12-10,2026-08-03,usage
cus_000000500659,Whitmore Vector Corp,ap@whitmore.com,2024-01-13,2026-07-25,usage
cus_000000500514,Inglewood Vector Group,ap@inglewood.com,2025-05-12,2026-05-10,annual
cus_000000500105,Marbury Foundry Holdings,ap@marbury.com,2026-02-27,2026-07-26,usage
cus_000000500409,Dovetail Quantum Corporation,ap@dovetail.com,2025-06-20,2026-08-02,monthly
cus_000000500681,Quarry Pioneer Group,ap@quarry.com,2025-03-01,2025-03-01,annual
cus_000000501107,Thornbury Pioneer Holdings,ap@thornbury.com,2023-04-29,2026-08-20,monthly
cus_000000500082,REDSTONE PRECISION SYSTEMS,ap@redstone.com,2023-06-29,2026-08-05,monthly
cus_000000500504,Cranfield Keystone Group - EMEA,ap@cranfield.com,2024-08-31,2025-08-30,annual
cus_000000500752,ZENITH SUMMIT SYSTEMS,ap@zenith.com,2024-08-16,2025-12-05,usage
cus_000000501117,Kestrel Anchor,ap@kestrel.com,2024-08-13,2026-07-25,usage
cus_000000500592,Hollowway Vector Group,ap@hollowway.com,2025-04-11,,annual
cus_000000500430,Stonebridge Beacon Inc,ap@stonebridge.com,2023-08-23,2026-07-22,monthly
cus_000000500398,Ashcombe Anchor Corp,ap@ashcombe.com,2024-02-13,2026-02-16,annual
cus_000000501115,Thornbury Vector Partners,ap@thornbury.com,2024-08-29,2024-08-29,annual
cus_000000500208,Cerulean Lumen Corp,ap@cerulean.com,2022-11-22,2026-08-19,monthly
cus_000000501066,Underhill Supply LLC,ap@underhill.com,2024-05-13,2026-08-03,usage
cus_000000500056,Umbra Summit Group,ap@umbra.com,2024-05-29,2026-08-13,usage
cus_000000500824,Pinnacle Coastal,ap@pinnacle.com,2024-11-02,2025-11-01,annual
cus_000000500902,Dunmore Digital,ap@dunmore.com,2025-04-01,2026-07-20,monthly
cus_000000501128,Cerulean Pioneer LLC,ap@cerulean.com,2023-09-19,2025-09-15,annual
cus_000000500478,Ferreira Servicos Vector II,ap@ferreira.com,2024-09-06,2026-05-19,monthly
cus_000000500539,Lakeshore Digital Group,ap@lakeshore.com,2025-08-14,,annual
cus_000000500796,Orchard Coastal Inc,ap@orchard.com,2025-06-05,2026-07-20,monthly
cus_000000500573,Grupo Pena Foundry,ap@grupo.com,2024-01-24,2026-07-31,usage
cus_000000500646,Ravenswood Lumen Labs,ap@ravenswood.com,2024-04-10,2026-04-15,annual
cus_000000500128,Northwind Pioneer Partners,ap@northwind.com,2024-09-22,2025-09-19,annual
cus_000000500880,Hollowway Pioneer Labs,ap@hollowway.com,2024-03-06,2026-02-28,annual
cus_000000500682,Redstone Precision Holdings,ap@redstone.com,2024-01-13,2026-08-07,usage
cus_000000500042,Cranfield Supply Labs,ap@cranfield.com,2024-12-04,2025-04-05,monthly
cus_000000500743,QUARRY NIMBUS HOLDINGS,ap@quarry.com,2024-02-15,2026-07-13,monthly
cus_000000500662,Vantage Analytics,ap@vantage.com,2023-04-11,2026-08-15,usage
cus_000000501118,Nightingale Freight,ap@nightingale.com,2023-03-24,2026-03-26,annual
cus_000000500957,Nunez Capital Atlas,ap@nunez.com,2025-01-20,2026-08-07,monthly
cus_000000501033,Marbury Freight Holdings,ap@marbury.com,2025-07-16,2026-08-13,monthly
cus_000000500939,Yarrow Nimbus Corporation,ap@yarrow.com,2023-09-19,2025-09-17,annual
cus_000000500501,Pinnacle Pioneer Partners,ap@pinnacle.com,2026-07-12,2026-08-12,monthly
cus_000000500833,Cranfield Coastal Corporation,ap@cranfield.com,2023-11-16,2026-03-08,monthly
cus_000000500335,Ironwood Quantum,ap@ironwood.com,2025-07-15,2026-08-12,monthly
cus_000000500595,Harborview Sable Holdings,ap@harborview.com,2023-05-17,2026-02-26,monthly
cus_000000500694,WESTBROOK VECTOR CORP,ap@westbrook.com,2023-11-02,2026-08-15,monthly
cus_000000500081,Oakfield Summit Inc,ap@oakfield.com,2025-09-14,,monthly
cus_000000500324,Verdigris Foundry Corp.,ap@verdigris.com,2024-07-22,,annual
cus_000000500240,Glenrock Atlas Partners,ap@glenrock.com,2026-04-16,2026-04-16,annual
cus_000000500355,Ashcombe Atlas Group,ap@ashcombe.com,2026-07-24,2026-07-24,usage
cus_000000500938,Whitmore Compass Incorporated,ap@whitmore.com,2023-03-13,2026-03-16,annual
cus_000000500718,Pinnacle Supply,ap@pinnacle.com,2024-03-03,2026-07-22,usage
cus_000000500943,Hollowway Keystone Partners,ap@hollowway.com,2024-11-27,2025-11-30,annual
cus_000000500622,Inglewood Freight Partners,ap@inglewood.com,2025-03-04,2026-03-03,annual
cus_000000500915,Ravenswood Pioneer Systems - Div 2,ap@ravenswood.com,2024-10-28,2026-08-04,monthly
cus_000000500860,Munoz Holdings Onyx,ap@munoz.com,2023-02-09,2026-02-06,annual
cus_000000500601,Juniper Sable Inc,ap@juniper.com,2025-07-20,2025-07-20,annual
cus_000000500587,Northwind Analytics Inc,ap@northwind.com,2023-01-16,2026-07-31,monthly
cus_000000500531,Quillfeather Trading Inc,ap@quillfeather.com,2026-01-04,2026-01-04,annual
cus_000000501106,Dovetail Supply,ap@dovetail.com,2023-11-14,2024-11-14,annual
cus_000000500550,Ironwood Compass Partners,ap@ironwood.com,2025-07-31,,annual
cus_000000500304,Westbrook Pioneer Labs,ap@westbrook.com,2025-04-15,2026-08-04,monthly
cus_000000500631,Pinnacle Supply Corp,ap@pinnacle.com,2026-02-19,2026-02-19,annual
cus_000000500225,Vantage Supply,ap@vantage.com,2025-04-29,2025-12-03,monthly
cus_000000500292,Kestrel Cascade Systems,ap@kestrel.com,2023-01-17,2026-08-15,monthly
cus_000000500389,Dovetail Compass LLC,ap@dovetail.com,2025-10-08,,annual
cus_000000500542,Glenrock Anchor Incorporated,ap@glenrock.com,2024-02-03,2024-02-03,annual
cus_000000500698,ALDER FREIGHT GROUP,ap@alder.com,2025-02-06,2025-08-03,usage
cus_000000500405,Hollowway Summit Corp.,ap@hollowway.com,2025-12-04,2026-07-29,usage
cus_000000500695,Quillfeather Lumen Group,ap@quillfeather.com,2024-08-08,2026-07-20,monthly
cus_000000500117,Kestrel Sterling Partners,ap@kestrel.com,2025-10-15,2025-10-15,monthly
cus_000000500728,Meridian Supply Systems,ap@meridian.com,2025-12-15,,monthly
cus_000000500306,Stonebridge Cascade Labs,ap@stonebridge.com,2024-07-10,2026-07-09,annual
cus_000000500276,Meridian Summit,ap@meridian.com,2024-12-24,2024-12-24,annual
cus_000000500289,Nunez Capital Sterling,ap@nunez.com,2023-02-05,2026-02-03,annual
cus_000000500255,Blackthorn Clinical Group,ap@blackthorn.com,2024-09-15,2026-07-25,monthly
cus_000000500820,Redstone Lumen Inc,ap@redstone.com,2025-04-19,2026-08-04,usage
cus_000000500911,Tanglewood Summit,ap@tanglewood.com,2024-12-08,2025-12-09,annual
cus_000000500319,Ashcombe Freight Labs,ap@ashcombe.com,2023-08-09,2026-02-02,monthly
cus_000000500562,Copperfield Precision Labs,ap@copperfield.com,2024-09-21,2025-09-20,annual
cus_000000500471,Zenith Coastal LLC,ap@zenith.com,2025-03-18,2026-03-07,monthly
cus_000000500480,Grupo Pena,ap@grupo.com,2025-09-17,2025-09-17,annual
cus_000000500002,Munoz Holdings Foundry,ap@munoz.com,2022-12-24,2025-12-25,annual
cus_000000500423,Larkspur Coastal,ap@larkspur.com,2025-02-04,2025-02-04,annual
cus_000000500096,Sao Bento Anchor,ap@sao.com,2023-07-15,2026-08-02,monthly
cus_000000500333,Copperfield Analytics Systems,ap@copperfield.com,2025-11-03,2025-11-03,annual
cus_000000501039,Whitmore Clinical Group,ap@whitmore.com,2024-08-04,2026-07-31,annual
cus_000000500875,Redstone Sable Partners,ap@redstone.com,2023-07-16,2026-07-24,annual
cus_000000500787,Brightwater Cascade Labs,ap@brightwater.com,2025-12-27,2025-12-27,annual
cus_000000500450,Ashcombe Sterling Inc,ap@ashcombe.com,2023-02-02,2026-02-04,annual
cus_000000500130,Hollowway Anchor Systems,ap@hollowway.com,2022-11-02,2026-06-30,monthly
cus_000000500993,Thornbury Onyx Inc.,ap@thornbury.com,2025-07-02,,monthly
cus_000000500552,Pinnacle Quantum Group,ap@pinnacle.com,2025-09-19,2025-09-19,annual
cus_000000501091,Inglewood Sterling Systems,ap@inglewood.com,2024-01-12,2026-07-23,monthly
cus_000000500744,Dunmore Foundry Labs,ap@dunmore.com,2023-08-08,2025-03-11,monthly
cus_000000500635,Ashcombe Pioneer Inc,ap@ashcombe.com,2024-01-07,2026-08-01,monthly
cus_000000500919,Harborview Supply Holdings,ap@harborview.com,2025-03-15,2026-08-07,monthly
cus_000000500852,Quarry Foundry Holdings,ap@quarry.com,2024-03-31,2026-07-31,monthly
cus_000000500609,Lakeshore Summit Holdings,ap@lakeshore.com,2023-05-22,2026-05-19,annual
cus_000000500912,Tanglewood Coastal Group,ap@tanglewood.com,2025-08-23,2026-08-16,monthly
cus_000000500053,ZENITH TRADING CORP,ap@zenith.com,2023-05-28,2026-04-15,monthly
cus_000000500582,Underhill Supply Group,ap@underhill.com,2025-03-14,,annual
cus_000000500118,Kestrel Foundry Group,ap@kestrel.com,2023-06-06,2026-04-04,monthly
cus_000000500707,Dunmore Sterling Incorporated,ap@dunmore.com,2025-09-25,,annual
cus_000000500806,Cerulean Sable,ap@cerulean.com,2025-10-03,2025-10-03,annual
cus_000000500730,PINNACLE ONYX HOLDINGS,ap@pinnacle.com,2023-03-20,2026-03-22,annual
cus_000000500037,NORTHWIND FOUNDRY LLC,ap@northwind.com,2023-10-28,2025-10-29,annual
cus_000000501093,Quarry Analytics Systems,ap@quarry.com,2025-06-10,2026-07-26,usage
cus_000000500201,Cranfield Coastal Partners,ap@cranfield.com,2026-05-19,2026-08-18,monthly
cus_000000500189,Yellowfin Onyx,ap@yellowfin.com,2024-12-31,2026-07-29,monthly
cus_000000500976,Copperfield Sterling Corp,ap@copperfield.com,2024-12-17,2025-12-16,annual
cus_000000500446,Ravenswood Summit Corp.,ap@ravenswood.com,2024-09-05,2025-09-07,annual
cus_000000500853,Lakeshore Atlas Systems,ap@lakeshore.com,2024-08-14,2026-08-05,monthly
cus_000000500094,Whitmore Vector Partners - Div 2,ap@whitmore.com,2024-06-07,2026-06-03,annual
cus_000000500561,Nightingale Supply Labs,ap@nightingale.com,2023-06-07,2026-07-24,monthly
cus_000000500706,Ravenswood Lumen Holdings,ap@ravenswood.com,2024-11-21,2025-11-20,annual
cus_000000501074,Whitmore Pioneer Holdings,ap@whitmore.com,2023-07-14,2026-08-16,monthly
cus_000000500119,Dunmore Atlas Partners,ap@dunmore.com,2025-08-23,2025-08-23,annual
cus_000000500083,Harborview Freight Labs,ap@harborview.com,2022-12-18,2024-12-14,annual
cus_000000501086,Vantage Cascade Corp,ap@vantage.com,2026-06-11,,monthly
cus_000000500204,Redstone Anchor Systems,ap@redstone.com,2026-01-27,,monthly
cus_000000500632,Orchard Clinical Group,ap@orchard.com,2024-06-07,2026-08-17,monthly
cus_000000500399,VERDIGRIS PRECISION CORP,ap@verdigris.com,2026-07-13,2026-08-15,monthly
cus_000000500156,Underhill Precision Holdings,ap@underhill.com,2023-10-15,2025-10-13,annual
cus_000000500369,Northgate Keystone Group,ap@northgate.com,2025-01-07,2026-01-05,annual
cus_000000500414,Thornbury Compass Corp,ap@thornbury.com,2025-03-11,2026-03-14,annual
cus_000000501085,Hollowway Keystone Holdings,ap@hollowway.com,2026-04-25,,annual
cus_000000500548,Marbury Keystone Inc,ap@marbury.com,2022-11-12,2026-06-14,monthly
cus_000000500310,Larkspur Freight Group,ap@larkspur.com,2025-05-20,2026-05-20,annual
cus_000000500866,Perez Group Sable,ap@perez.com,2026-02-03,2026-02-03,annual
cus_000000500266,Quillfeather Digital Partners,ap@quillfeather.com,2024-03-16,2024-03-16,annual
cus_000000500605,Orchard Quantum Inc,ap@orchard.com,2026-07-30,2026-07-30,monthly
cus_000000500906,Stonebridge Lumen Partners,ap@stonebridge.com,2026-02-06,2026-02-06,annual
cus_000000500854,Lakeshore Anchor,ap@lakeshore.com,2026-01-29,,annual
cus_000000500526,Alder Beacon Group,ap@alder.com,2026-06-17,2026-07-19,monthly
cus_000000500683,Redstone Atlas Corp.,ap@redstone.com,2025-08-12,2025-12-12,usage
cus_000000500745,Stonebridge Summit Corp,ap@stonebridge.com,2023-03-27,2026-03-31,annual
cus_000000500980,Fairmount Cascade,ap@fairmount.com,2023-09-11,2025-09-14,annual
cus_000000500437,Juniper Quantum LLC,ap@juniper.com,2025-12-30,2026-07-23,monthly
cus_000000500316,FAIRMOUNT SUPPLY INC,ap@fairmount.com,2024-01-06,2026-08-04,monthly
cus_000000500014,LAKESHORE KEYSTONE INC,ap@lakeshore.com,2023-10-20,2025-12-12,monthly
cus_000000500360,TANGLEWOOD ATLAS HOLDINGS,ap@tanglewood.com,2025-06-29,2026-06-26,annual
cus_000000501059,Verdigris Freight Corp.,ap@verdigris.com,2024-03-14,2026-08-10,monthly
cus_000000500950,Underhill Keystone Labs,ap@underhill.com,2023-02-10,2026-02-05,annual
cus_000000500597,Fairmount Digital LLC,ap@fairmount.com,2025-12-09,,monthly
cus_000000500999,Ironwood Coastal Labs,ap@ironwood.com,2025-12-12,2025-12-12,annual
cus_000000500907,Orchard Anchor,ap@orchard.com,2024-09-14,2026-03-05,monthly
cus_000000500286,Lopez y Asociados Keystone,ap@lopez.com,2023-05-24,2026-07-25,monthly
cus_000000500021,Larkspur Quantum LLC,ap@larkspur.com,2025-06-12,,annual
cus_000000500805,Verdigris Digital Partners - Div 2,ap@verdigris.com,2024-09-12,2026-08-01,monthly
cus_000000500022,Ironwood Cascade,ap@ironwood.com,2024-08-02,2025-08-05,annual
cus_000000500205,Brightwater Cascade,ap@brightwater.com,2024-07-30,2025-07-31,annual
cus_000000500990,Underhill Beacon Holdings,ap@underhill.com,2026-04-08,,monthly
cus_000000500814,Eastvale Pioneer Systems,ap@eastvale.com,2026-04-05,,annual
cus_000000500671,Perez Group,ap@perez.com,2024-04-03,2026-04-01,annual
cus_000000500797,IRONWOOD QUANTUM PARTNERS,ap@ironwood.com,2026-01-08,2026-01-08,annual
cus_000000500376,Copperfield Onyx Inc. - LATAM,ap@copperfield.com,2023-06-07,2025-06-09,annual
cus_000000501105,Dunmore Trading Partners,ap@dunmore.com,2023-07-21,2026-07-19,annual
cus_000000500023,Nightingale Compass Inc,ap@nightingale.com,2026-04-12,2026-08-13,usage
cus_000000501021,Verdigris Sable,ap@verdigris.com,2023-05-13,2026-08-06,monthly
cus_000000500491,Stonebridge Vector Labs,ap@stonebridge.com,2024-07-01,2026-08-20,monthly
cus_000000500236,Tanglewood Clinical Systems,ap@tanglewood.com,2025-11-21,2026-08-15,monthly
cus_000000500041,Brightwater Vector LLC,ap@brightwater.com,2024-01-12,2026-01-10,annual
cus_000000501110,Harborview Sterling Incorporated,ap@harborview.com,2023-05-01,2025-05-02,annual
cus_000000500661,Copperfield Precision,ap@copperfield.com,2026-06-23,,usage
cus_000000500972,Quillfeather Precision Systems,ap@quillfeather.com,2026-05-22,,monthly
cus_000000500280,Whitmore Coastal Corporation,ap@whitmore.com,2025-09-08,2025-09-08,annual
cus_000000500832,Cranfield Compass LLC,ap@cranfield.com,2025-11-13,,annual
cus_000000500494,Quillfeather Freight Group,ap@quillfeather.com,2025-09-23,2025-11-16,monthly
cus_000000500411,Quillfeather Pioneer Systems,ap@quillfeather.com,2023-04-26,2026-04-26,annual
cus_000000500818,Vantage Foundry Partners,ap@vantage.com,2026-05-13,,usage
cus_000000500732,Whitmore Precision Labs,ap@whitmore.com,2025-05-11,2026-08-04,monthly
cus_000000500724,Ashcombe Digital Labs,ap@ashcombe.com,2023-04-18,2024-04-17,annual
cus_000000500258,Larkspur Compass Holdings,ap@larkspur.com,2023-03-20,2025-12-29,monthly
cus_000000500651,Westbrook Analytics,ap@westbrook.com,2024-10-19,2025-05-18,monthly
cus_000000500460,Thornbury Atlas Holdings,ap@thornbury.com,2024-11-05,2026-08-06,monthly
cus_000000500299,Ironwood Clinical Corp,ap@ironwood.com,2023-05-31,2026-08-15,monthly
cus_000000500954,Juniper Nimbus,ap@juniper.com,2025-06-30,2026-07-24,monthly
cus_000000501031,Kestrel Vector Labs,ap@kestrel.com,2024-03-21,2026-03-21,annual
cus_000000500599,Underhill Keystone Group,ap@underhill.com,2024-05-27,2026-07-28,monthly
cus_000000500384,Vasquez Media Digital,ap@vasquez.com,2024-06-08,2025-06-10,annual
cus_000000500500,LARKSPUR NIMBUS LLC,ap@larkspur.com,2022-12-25,2024-12-10,monthly
cus_000000501134,Cerulean Atlas Inc.,ap@cerulean.com,2023-06-30,2026-06-25,annual
cus_000000500433,Underhill Pioneer Holdings,ap@underhill.com,2025-12-16,2025-12-16,annual
cus_000000500154,Dunmore Onyx LLC,ap@dunmore.com,2023-03-02,2026-03-02,annual
cus_000000500249,Whitmore Vector Inc,ap@whitmore.com,2025-09-05,,annual
cus_000000500638,Orchard Onyx Inc,ap@orchard.com,2023-01-14,2026-01-12,annual
cus_000000500717,Redstone Cascade Systems,ap@redstone.com,2022-11-08,2026-08-04,monthly
cus_000000500525,Hollowway Atlas Holdings,ap@hollowway.com,2025-07-11,,annual
cus_000000500727,Glenrock Analytics Systems,ap@glenrock.com,2025-06-04,2026-08-12,usage
cus_000000500237,Whitmore Lumen Group,ap@whitmore.com,2025-09-23,2025-09-23,annual
cus_000000501073,Yarrow Keystone Corp.,ap@yarrow.com,2023-04-09,2026-04-13,annual
cus_000000500716,Quillfeather Sterling Systems,ap@quillfeather.com,2025-08-13,2026-08-19,usage
cus_000000500367,Dunmore Coastal Systems,ap@dunmore.com,2024-10-16,2026-08-06,monthly
cus_000000501011,Quarry Beacon Group,ap@quarry.com,2025-03-28,2026-03-25,annual
cus_000000500664,NORTHWIND KEYSTONE HOLDINGS,ap@northwind.com,2023-12-23,2026-07-25,monthly
cus_000000500419,Cranfield Clinical Inc.,ap@cranfield.com,2024-08-29,2025-07-16,monthly
cus_000000500455,Tanglewood Atlas Labs,ap@tanglewood.com,2024-05-29,2026-08-18,monthly
cus_000000500751,NORTHGATE COMPASS LABS,ap@northgate.com,2024-10-24,2026-08-20,usage
cus_000000500630,KESTREL FREIGHT LABS,ap@kestrel.com,2025-11-20,,annual
cus_000000501025,Inglewood Vector Partners,ap@inglewood.com,2025-04-07,2025-04-07,annual
cus_000000500591,Quarry Coastal,ap@quarry.com,2026-02-11,2026-08-08,monthly
cus_000000500303,Cerulean Pioneer,ap@cerulean.com,2024-12-06,2025-07-06,monthly
cus_000000500870,Dovetail Summit Holdings,ap@dovetail.com,2026-02-14,2026-02-14,annual
cus_000000500981,Meridian Precision Inc,ap@meridian.com,2026-01-15,2026-01-15,annual
cus_000000500825,Pemberton Coastal Systems,ap@pemberton.com,2025-07-07,2026-07-05,annual
cus_000000500282,Grupo Pena Digital,ap@grupo.com,2023-05-31,2025-05-27,annual
cus_000000501090,Cerulean Digital Holdings,ap@cerulean.com,2023-02-10,2026-02-10,annual
cus_000000500429,NIGHTINGALE NIMBUS LABS,ap@nightingale.com,2023-07-30,2026-08-15,monthly
cus_000000500382,Perez Group Cascade,ap@perez.com,2025-08-18,2026-08-15,annual
cus_000000500126,Silverline Digital Group,ap@silverline.com,2023-06-02,2025-06-04,annual
cus_000000500185,Yarrow Keystone Labs,ap@yarrow.com,2026-01-09,2026-07-31,monthly
cus_000000500899,Harborview Summit Labs,ap@harborview.com,2026-03-03,,monthly
cus_000000500890,Eastvale Cascade,ap@eastvale.com,2024-01-23,2026-07-21,monthly
cus_000000500427,Acme Compass Incorporated,ap@acme.com,2023-07-21,2026-07-17,annual
cus_000000500868,Oakfield Digital,ap@oakfield.com,2023-06-16,2026-06-18,annual
cus_000000500782,Tanglewood Lumen Holdings,ap@tanglewood.com,2024-07-26,2026-07-27,annual
cus_000000500776,Thornbury Clinical Corp,ap@thornbury.com,2026-06-24,2026-07-27,monthly
cus_000000501042,Eastvale Coastal Inc,ap@eastvale.com,2023-03-02,2026-08-02,monthly
cus_000000500628,Tanglewood Sable Holdings,ap@tanglewood.com,2025-10-28,2025-11-29,monthly
cus_000000500077,Northwind Keystone,ap@northwind.com,2023-10-21,2025-10-22,annual
cus_000000501024,Redstone Summit Corp,ap@redstone.com,2026-06-24,,annual
cus_000000500747,Westbrook Sterling Labs,ap@westbrook.com,2024-12-28,2025-05-21,usage
cus_000000500057,Blackthorn Nimbus LLC,ap@blackthorn.com,2023-12-19,2025-12-15,annual
cus_000000500757,Acme Compass Group,ap@acme.com,2025-09-09,2026-08-18,monthly
cus_000000500918,Alder Pioneer,ap@alder.com,2023-04-28,2024-04-24,annual
cus_000000500788,Juniper Vector,ap@juniper.com,2026-01-16,,annual
cus_000000500987,Quarry Pioneer Labs,ap@quarry.com,2026-03-26,,annual
cus_000000500898,Larkspur Freight Labs,ap@larkspur.com,2024-05-31,2026-02-23,monthly
cus_000000500007,Nunez Capital Compass,ap@nunez.com,2024-11-26,2024-11-26,annual
cus_000000500073,Copperfield Analytics Holdings,ap@copperfield.com,2025-06-11,2026-06-29,monthly
cus_000000500396,Whitmore Analytics Holdings,ap@whitmore.com,2026-03-28,,annual
cus_000000500738,Northgate Precision,ap@northgate.com,2024-09-07,2025-01-30,monthly
cus_000000500272,Vantage Onyx LLC,ap@vantage.com,2025-06-20,2026-07-10,monthly
cus_000000500202,Ravenswood Freight Group,ap@ravenswood.com,2024-12-22,2025-12-23,annual
cus_000000500576,Andre Freres Summit,ap@andre.com,2022-11-02,2025-08-22,monthly
cus_000000500928,Whitmore Precision,ap@whitmore.com,2025-02-21,2026-02-20,annual
cus_000000500762,Hernandez Retail Onyx,ap@hernandez.com,2026-08-03,2026-08-03,annual
cus_000000500575,Garcia Sistemas Freight,ap@garcia.com,2026-06-04,2026-08-07,monthly
cus_000000501049,HERNANDEZ RETAIL BEACON,ap@hernandez.com,2024-10-13,2025-10-10,annual
cus_000000500879,Acme Beacon Labs - Div 2,ap@acme.com,2023-02-16,2026-07-28,monthly
cus_000000500302,Dovetail Freight Partners,ap@dovetail.com,2026-05-14,2026-05-14,annual
cus_000000500254,Thornbury Sterling Systems,ap@thornbury.com,2025-07-06,2026-07-31,monthly
cus_000000500361,Juniper Anchor Partners,ap@juniper.com,2023-03-02,2025-01-08,monthly
cus_000000501087,Harborview Beacon Corp.,ap@harborview.com,2024-04-01,2026-08-09,monthly
cus_000000500401,Acme Summit LLC,ap@acme.com,2024-04-18,2026-04-22,annual
cus_000000501112,Acme Cascade Inc,ap@acme.com,2024-06-07,2025-04-06,monthly
cus_000000500600,Juniper Beacon Inc.,ap@juniper.com,2023-10-21,2026-08-13,monthly
cus_000000500481,MUNOZ HOLDINGS SABLE,ap@munoz.com,2024-06-07,2026-06-07,annual
cus_000000500055,Ravenswood Vector Labs,ap@ravenswood.com,2025-01-02,2026-08-19,monthly
cus_000000500380,Sao Bento Compass,ap@sao.com,2025-08-10,2026-08-08,annual
cus_000000500997,Dunmore Freight Labs,ap@dunmore.com,2024-04-28,2026-04-30,annual
cus_000000500341,Quillfeather Beacon Corp,ap@quillfeather.com,2026-01-15,2026-01-15,annual
cus_000000500580,Perez Group,ap@perez.com,2025-10-09,,monthly
cus_000000500986,Whitmore Keystone,ap@whitmore.com,2024-11-26,2025-03-30,monthly
cus_000000501005,Oakfield Sable Holdings,ap@oakfield.com,2026-05-18,,monthly
cus_000000501119,Underhill Anchor Inc,ap@underhill.com,2023-04-16,2025-01-05,monthly
cus_000000500123,Ravenswood Sterling LLC,ap@ravenswood.com,2025-12-27,2026-07-26,monthly
cus_000000500290,Perez Group Onyx,ap@perez.com,2026-01-24,2026-08-15,monthly
cus_000000500124,Tanglewood Vector Labs,ap@tanglewood.com,2025-05-30,2026-05-27,annual
cus_000000500358,Inglewood Cascade Corp,ap@inglewood.com,2024-10-28,2025-08-13,usage
cus_000000500739,Tanglewood Vector Corp,ap@tanglewood.com,2025-07-18,2026-07-18,annual
cus_000000501111,Nightingale Precision Holdings,ap@nightingale.com,2024-09-12,2026-08-13,monthly
cus_000000500415,Yarrow Nimbus,ap@yarrow.com,2023-03-23,2026-08-10,monthly
cus_000000500012,Cranfield Vector Group,ap@cranfield.com,2024-03-13,2025-01-04,monthly
cus_000000500325,Nightingale Foundry Group,ap@nightingale.com,2026-02-07,,annual
cus_000000500166,BRIGHTWATER CLINICAL HOLDINGS,ap@brightwater.com,2026-08-09,2026-08-09,monthly
cus_000000501108,Whitmore Trading Holdings,ap@whitmore.com,2024-02-05,2026-03-06,monthly
cus_000000500803,ORCHARD ONYX GROUP,ap@orchard.com,2023-03-23,2025-09-15,monthly
cus_000000500623,Cerulean Trading,ap@cerulean.com,2025-09-30,2025-09-30,annual
cus_000000500448,Pinnacle Clinical,ap@pinnacle.com,2023-01-26,2026-07-23,monthly
cus_000000500492,Juniper Coastal Labs,ap@juniper.com,2024-06-30,2026-08-17,monthly
cus_000000500357,Harborview Nimbus Labs,ap@harborview.com,2026-06-08,2026-06-08,monthly
cus_000000500340,Orchard Keystone Holdings,ap@orchard.com,2023-07-09,2025-07-14,annual
cus_000000500127,Alder Foundry LLC,ap@alder.com,2023-09-15,2025-09-16,annual
cus_000000500379,Lopez y Asociados Digital,ap@lopez.com,2023-11-04,2026-01-09,monthly
cus_000000500643,Underhill Trading Partners,ap@underhill.com,2023-11-01,2026-07-22,monthly
cus_000000500162,Inglewood Vector Holdings,ap@inglewood.com,2023-10-04,2026-04-17,usage
cus_000000500674,Guimaraes Log Supply,ap@guimaraes.com,2026-05-27,,monthly
cus_000000500046,Westbrook Sterling LLC,ap@westbrook.com,2024-06-01,2025-05-30,annual
cus_000000500558,Marbury Summit,ap@marbury.com,2024-11-29,2024-11-29,annual
cus_000000500496,CERULEAN DIGITAL GROUP,ap@cerulean.com,2024-11-06,2025-11-09,annual
cus_000000500733,Westbrook Atlas Partners,ap@westbrook.com,2024-03-31,2025-12-08,monthly
cus_000000500373,Oakfield Pioneer Holdings,ap@oakfield.com,2024-05-03,2026-05-04,annual
cus_000000500799,Copperfield Nimbus,ap@copperfield.com,2024-02-08,2024-12-04,monthly
cus_000000500443,Orchard Precision - EMEA,ap@orchard.com,2023-04-18,2024-04-17,annual
cus_000000500469,Underhill Sterling Partners,ap@underhill.com,2024-02-01,2026-08-13,monthly
cus_000000501075,Acme Keystone Labs,ap@acme.com,2024-12-21,2026-06-27,monthly
cus_000000500731,Orchard Digital Labs,ap@orchard.com,2024-11-05,2025-11-08,annual
cus_000000500735,ORCHARD DIGITAL PARTNERS,ap@orchard.com,2025-07-27,,annual
cus_000000501016,Harborview Keystone Labs,ap@harborview.com,2026-03-14,2026-08-11,monthly
cus_000000500881,Alder Anchor Labs,ap@alder.com,2024-06-13,2026-06-17,annual
cus_000000500135,Eastvale Trading,ap@eastvale.com,2024-01-04,2026-01-03,annual
cus_000000501125,Glenrock Lumen Incorporated,ap@glenrock.com,2025-01-06,2026-01-03,annual
cus_000000500742,Brightwater Summit Inc,ap@brightwater.com,2024-08-03,2025-08-04,annual
cus_000000500637,Marbury Sterling Systems,ap@marbury.com,2025-12-09,2026-08-16,usage
cus_000000501029,Umbra Onyx LLC,ap@umbra.com,2024-08-16,2026-08-03,monthly
cus_000000500453,Oakfield Keystone Systems,ap@oakfield.com,2023-11-04,2026-03-25,monthly
cus_000000500709,Ravenswood Beacon LLC,ap@ravenswood.com,2026-03-18,,annual
cus_000000501017,Dovetail Freight,ap@dovetail.com,2025-08-01,2025-08-01,annual
cus_000000500115,Pinnacle Sterling Holdings,ap@pinnacle.com,2023-04-23,2026-08-10,monthly
cus_000000500404,Lakeshore Anchor Partners,ap@lakeshore.com,2024-08-12,2026-08-11,monthly
cus_000000500256,Fairmount Sterling LLC,ap@fairmount.com,2025-10-30,2026-03-25,monthly
cus_000000500413,Juniper Beacon,ap@juniper.com,2024-08-02,2026-03-18,monthly
cus_000000500143,EASTVALE QUANTUM HOLDINGS,ap@eastvale.com,2025-10-02,,monthly
cus_000000500498,Glenrock Cascade Group,ap@glenrock.com,2024-09-03,2026-08-12,monthly
cus_000000500897,Northwind Precision Partners,ap@northwind.com,2026-02-09,2026-08-10,monthly
cus_000000500332,Fairmount Onyx Systems - EMEA,ap@fairmount.com,2025-08-13,2025-12-07,monthly
cus_000000500692,Westbrook Sterling,ap@westbrook.com,2023-06-23,2026-08-07,monthly
cus_000000500523,IRONWOOD FOUNDRY GROUP,ap@ironwood.com,2024-04-05,2026-04-03,annual
cus_000000500006,Sao Bento,ap@sao.com,2023-10-26,2024-10-25,annual
cus_000000501053,Grupo Pena Anchor,ap@grupo.com,2025-12-18,2025-12-18,annual
cus_000000501071,Orchard Digital Partners II,ap@orchard.com,2025-08-14,2026-08-05,monthly
cus_000000500956,Sao Bento Beacon,ap@sao.com,2025-07-06,2025-07-06,annual
cus_000000501140,Yellowfin Nimbus Partners,ap@yellowfin.com,2024-02-26,2026-07-23,monthly
cus_000000501129,Tanglewood Trading Corp.,ap@tanglewood.com,2024-05-13,2026-08-03,monthly
cus_000000500809,Whitmore Trading Corp,ap@whitmore.com,2023-12-12,2025-12-31,usage
cus_000000500352,SILVERLINE ONYX HOLDINGS,ap@silverline.com,2025-12-12,2026-08-06,monthly
cus_000000501046,Marbury Freight Group,ap@marbury.com,2025-06-18,2026-08-06,usage
cus_000000500052,Brightwater Precision LLC,ap@brightwater.com,2025-05-19,2026-08-05,monthly
cus_000000500473,Copperfield Digital,ap@copperfield.com,2023-10-13,2024-09-12,monthly
cus_000000500145,Zenith Cascade Systems,ap@zenith.com,2025-10-18,2025-10-18,annual
cus_000000500106,Pemberton Foundry Group,ap@pemberton.com,2024-09-21,2025-09-22,annual
cus_000000500074,Dunmore Nimbus Holdings,ap@dunmore.com,2025-09-05,2026-08-07,monthly
cus_000000500688,Orchard Compass Inc,ap@orchard.com,2025-06-20,2026-08-11,usage
cus_000000500524,Ironwood Foundry Corp,ap@ironwood.com,2023-12-24,2025-12-20,annual
cus_000000500206,Harborview Clinical Group,ap@harborview.com,2025-11-02,2026-08-02,monthly
cus_000000500368,Larkspur Trading Systems,ap@larkspur.com,2025-12-17,2025-12-17,annual
cus_000000500644,Copperfield Freight Inc.,ap@copperfield.com,2024-08-21,2024-08-21,annual
cus_000000500248,Ironwood Quantum LLC,ap@ironwood.com,2026-03-14,2026-08-13,monthly
cus_000000500069,Underhill Nimbus Corp,ap@underhill.com,2026-07-15,2026-08-15,monthly
cus_000000500988,Glenrock Freight Systems,ap@glenrock.com,2026-03-21,2026-08-19,monthly
cus_000000500347,SILVERLINE CLINICAL GROUP,ap@silverline.com,2024-11-03,2024-11-03,annual
cus_000000500845,Stonebridge Summit Inc,ap@stonebridge.com,2024-07-01,2026-08-11,monthly
cus_000000500281,Lakeshore Onyx Holdings,ap@lakeshore.com,2024-12-31,2026-03-03,monthly
cus_000000500397,Meridian Summit,ap@meridian.com,2024-01-09,2026-01-07,annual
cus_000000501058,Northgate Precision Holdings,ap@northgate.com,2024-03-11,2024-03-11,annual
cus_000000500442,Orchard Precision Group,ap@orchard.com,2023-05-01,2024-05-02,annual
cus_000000500647,Pemberton Atlas Inc.,ap@pemberton.com,2023-12-05,2026-08-05,usage
cus_000000500927,PINNACLE COASTAL PARTNERS - Subsidiary,ap@pinnacle.com,2023-08-14,2026-02-12,monthly
cus_000000501142,Dunmore Digital Labs,ap@dunmore.com,2026-04-01,2026-08-01,monthly
cus_000000500114,Ravenswood Sable Holdings,ap@ravenswood.com,2026-05-09,,annual
cus_000000500311,Inglewood Beacon Partners,ap@inglewood.com,2025-04-14,2026-08-04,monthly
cus_000000500036,Orchard Summit Partners,ap@orchard.com,2023-12-23,2025-12-18,annual
cus_000000500784,Whitmore Pioneer Group,ap@whitmore.com,2024-12-31,2026-08-19,usage
cus_000000500920,Oakfield Beacon Systems,ap@oakfield.com,2023-04-15,2026-04-15,annual
cus_000000500386,Ferreira Servicos Supply,ap@ferreira.com,2024-05-13,2026-01-29,monthly
cus_000000500653,Kestrel Clinical,ap@kestrel.com,2026-04-05,2026-08-01,monthly
cus_000000500846,Meridian Supply LLC,ap@meridian.com,2023-01-27,2026-01-26,annual
cus_000000500075,Meridian Onyx Holdings,ap@meridian.com,2025-04-03,2026-08-03,monthly
cus_000000500815,Pinnacle Coastal Incorporated,ap@pinnacle.com,2025-08-31,2025-08-31,annual
cus_000000500648,Thornbury Beacon Systems,ap@thornbury.com,2024-02-03,2026-08-17,monthly
cus_000000500003,Garcia Sistemas Foundry,ap@garcia.com,2023-03-03,2025-03-04,annual
cus_000000500672,Hernandez Retail,ap@hernandez.com,2025-05-26,,usage
cus_000000500965,Eastvale Pioneer LLC,ap@eastvale.com,2026-02-12,,annual
cus_000000500583,OAKFIELD TRADING LLC,ap@oakfield.com,2025-05-03,2025-05-03,annual
cus_000000500660,Silverline Sable Corporation,ap@silverline.com,2024-10-31,2025-10-29,annual
cus_000000500465,Orchard Nimbus Group,ap@orchard.com,2025-10-20,2026-07-21,monthly
cus_000000500598,Juniper Analytics Inc,ap@juniper.com,2026-04-24,2026-04-24,annual
cus_000000500231,Glenrock Cascade Corp,ap@glenrock.com,2022-11-29,2025-12-03,annual
cus_000000500485,Glenrock Atlas Inc.,ap@glenrock.com,2024-08-31,2025-09-01,annual
cus_000000500618,Westbrook Trading Holdings,ap@westbrook.com,2024-02-23,2026-02-21,annual
cus_000000500229,Northwind Anchor LLC,ap@northwind.com,2023-01-11,2026-03-22,monthly
cus_000000500490,Copperfield Cascade Labs,ap@copperfield.com,2023-01-16,2026-01-14,annual
cus_000000500363,Harborview Analytics,ap@harborview.com,2024-03-13,2026-03-15,annual
cus_000000500841,Marbury Clinical LLC,ap@marbury.com,2024-10-23,2026-03-17,monthly
cus_000000500584,REDSTONE FOUNDRY PARTNERS,ap@redstone.com,2024-06-24,2026-06-26,annual
cus_000000500792,Zenith Coastal Holdings,ap@zenith.com,2026-01-01,2026-01-01,annual
cus_000000501077,Quarry Onyx Corp.,ap@quarry.com,2024-04-10,2026-08-11,monthly
cus_000000500359,Westbrook Pioneer Holdings,ap@westbrook.com,2025-06-24,2026-07-13,usage
cus_000000500267,Alder Nimbus Systems,ap@alder.com,2026-04-25,,annual
cus_000000500418,Ashcombe Onyx Labs,ap@ashcombe.com,2023-01-06,2025-12-26,monthly
cus_000000500996,Westbrook Coastal Systems,ap@westbrook.com,2024-09-09,2026-08-16,monthly
cus_000000500766,Grupo Pena Freight,ap@grupo.com,2025-07-13,2026-08-14,monthly
cus_000000500549,Alder Compass Partners,ap@alder.com,2025-10-03,2026-08-02,usage
cus_000000500180,Verdigris Sterling Group,ap@verdigris.com,2025-09-17,,monthly
cus_000000500307,Cerulean Vector Systems,ap@cerulean.com,2024-08-28,2026-08-14,monthly
cus_000000500374,Larkspur Sterling Group,ap@larkspur.com,2023-03-09,2026-07-26,usage
cus_000000500663,Northgate Foundry Systems,ap@northgate.com,2025-04-30,2026-04-30,annual
cus_000000500027,Thornbury Nimbus Systems,ap@thornbury.com,2025-12-23,2026-07-26,monthly
cus_000000500545,Dovetail Keystone,ap@dovetail.com,2024-07-05,2024-07-05,annual
cus_000000500567,Tanglewood Atlas Systems,ap@tanglewood.com,2024-07-24,2026-02-11,monthly
cus_000000500035,Eastvale Beacon Systems,ap@eastvale.com,2023-02-22,2026-02-27,annual
cus_000000500667,Nightingale Foundry Holdings,ap@nightingale.com,2023-01-04,2025-01-07,annual
cus_000000500138,WESTBROOK QUANTUM HOLDINGS,ap@westbrook.com,2025-11-29,,monthly
cus_000000500929,Meridian Anchor,ap@meridian.com,2026-08-02,,annual
cus_000000500734,Thornbury Atlas Systems,ap@thornbury.com,2026-02-26,,usage
cus_000000500527,Nightingale Beacon LLC,ap@nightingale.com,2023-05-04,2026-05-08,annual
cus_000000500463,Thornbury Anchor Labs,ap@thornbury.com,2024-06-13,2026-05-06,monthly
cus_000000500921,Marbury Atlas Holdings,ap@marbury.com,2026-03-01,2026-07-31,monthly
cus_000000500294,Kestrel Summit LLC,ap@kestrel.com,2025-11-14,2025-11-14,annual
cus_000000500323,Pemberton Sable Group,ap@pemberton.com,2024-04-07,2026-08-12,monthly
cus_000000500968,Pemberton Atlas Holdings,ap@pemberton.com,2025-07-17,2025-07-17,annual
cus_000000500393,Glenrock Sable Group,ap@glenrock.com,2025-12-26,,annual
cus_000000500887,Lakeshore Onyx Systems,ap@lakeshore.com,2023-01-20,2026-08-18,monthly
cus_000000500936,Ravenswood Foundry Partners,ap@ravenswood.com,2026-05-04,2026-05-04,annual
cus_000000500614,Verdigris Keystone Partners,ap@verdigris.com,2026-07-03,,annual
cus_000000500174,Northwind Foundry Labs,ap@northwind.com,2024-08-07,2025-08-09,annual
cus_000000501135,Alder Precision,ap@alder.com,2023-01-02,2026-01-28,usage
cus_000000500655,Cerulean Sterling Systems,ap@cerulean.com,2025-05-16,2026-03-25,monthly
cus_000000500556,Ravenswood Anchor Labs,ap@ravenswood.com,2023-08-24,2026-07-28,monthly
cus_000000500544,Meridian Nimbus Corp,ap@meridian.com,2025-09-07,2026-07-27,monthly
cus_000000501131,Glenrock Cascade Labs,ap@glenrock.com,2025-08-02,2025-12-29,monthly
cus_000000500961,Verdigris Coastal Inc,ap@verdigris.com,2024-03-09,2026-03-12,annual
cus_000000500345,Larkspur Coastal,ap@larkspur.com,2023-08-21,2025-08-15,annual
cus_000000500479,Ferreira Servicos Vector II - Subsidiary,ap@ferreira.com,2024-09-15,2026-05-10,monthly
cus_000000500843,Acme Coastal LLC,ap@acme.com,2025-08-08,2026-08-10,annual
cus_000000500973,Kestrel Sable Corporation,ap@kestrel.com,2024-10-26,2025-10-25,annual
cus_000000500840,Blackthorn Clinical LLC,ap@blackthorn.com,2026-05-01,2026-07-26,monthly
cus_000000500790,NORTHGATE PIONEER PARTNERS,ap@northgate.com,2026-04-10,,monthly
cus_000000500964,Northgate Clinical Holdings,ap@northgate.com,2026-07-26,2026-07-26,monthly
cus_000000500811,Westbrook Digital Inc,ap@westbrook.com,2024-11-13,2026-07-01,monthly
cus_000000500477,Guimaraes Log,ap@guimaraes.com,2025-05-20,2026-08-03,monthly
cus_000000500763,Vasquez Media Atlas,ap@vasquez.com,2025-06-18,2026-07-22,monthly
cus_000000500244,Ravenswood Precision,ap@ravenswood.com,2024-10-17,2025-10-20,annual
cus_000000501043,Eastvale Digital Group,ap@eastvale.com,2023-01-16,2026-03-02,monthly
cus_000000500586,Hollowway Pioneer Partners,ap@hollowway.com,2025-06-24,2026-08-07,monthly
cus_000000500394,Harborview Beacon Inc,ap@harborview.com,2025-05-30,2026-07-25,monthly
cus_000000500509,Dunmore Keystone Systems,ap@dunmore.com,2022-12-26,2026-08-11,monthly
cus_000000501032,Pemberton Supply Systems,ap@pemberton.com,2023-07-13,2026-07-15,annual
cus_000000500410,Quillfeather Pioneer Partners,ap@quillfeather.com,2024-04-18,2026-04-05,monthly
cus_000000501057,Orchard Quantum Corp.,ap@orchard.com,2025-06-17,2026-08-01,monthly
cus_000000500183,Copperfield Keystone Group,ap@copperfield.com,2023-12-15,2025-12-11,annual
cus_000000500941,Quarry Freight LLC,ap@quarry.com,2025-02-06,2026-05-26,monthly
cus_000000500914,Ravenswood Pioneer,ap@ravenswood.com,2024-11-01,2026-08-13,monthly
cus_000000500301,Silverline Compass Corporation,ap@silverline.com,2026-02-16,2026-07-20,monthly
cus_000000500152,Cranfield Trading,ap@cranfield.com,2025-01-27,2026-01-29,annual
cus_000000500054,Vantage Cascade,ap@vantage.com,2022-12-05,2025-11-28,annual
cus_000000500729,Zenith Onyx Holdings,ap@zenith.com,2026-02-28,2026-02-28,annual
cus_000000500045,Quarry Beacon Systems,ap@quarry.com,2023-11-29,2025-12-23,usage
cus_000000500607,Marbury Beacon,ap@marbury.com,2025-03-08,2026-06-25,usage
cus_000000500085,Zenith Pioneer,ap@zenith.com,2022-12-01,2026-08-05,monthly
cus_000000500089,Dunmore Cascade,ap@dunmore.com,2025-06-15,2026-06-17,annual
cus_000000500080,Acme Freight Corporation,ap@acme.com,2024-02-08,2026-07-15,monthly
cus_000000501004,Oakfield Clinical Labs,ap@oakfield.com,2023-05-23,2024-05-20,annual
cus_000000501068,Northgate Keystone Corporation,ap@northgate.com,2024-07-25,2026-07-28,monthly
cus_000000500475,Hernandez Retail Nimbus,ap@hernandez.com,2023-09-21,2025-09-15,annual
cus_000000501026,Pinnacle Supply Holdings,ap@pinnacle.com,2024-12-07,2025-12-05,annual
cus_000000501080,Verdigris Supply,ap@verdigris.com,2024-05-11,2026-08-14,monthly
cus_000000500351,Orchard Sterling Systems,ap@orchard.com,2023-11-12,2025-11-08,annual
cus_000000500533,Marbury Foundry Partners,ap@marbury.com,2025-01-02,2026-07-21,monthly
cus_000000500221,Underhill Coastal Inc,ap@underhill.com,2023-09-14,2026-08-07,monthly
cus_000000500203,Vantage Quantum,ap@vantage.com,2024-08-11,2026-04-05,monthly
cus_000000500161,Northgate Clinical Partners,ap@northgate.com,2023-06-04,2026-07-23,monthly
cus_000000500783,Tanglewood Lumen Holdings - LATAM,ap@tanglewood.com,2024-07-21,2025-07-20,annual
cus_000000501081,Marbury Atlas Inc,ap@marbury.com,2025-03-30,2026-08-13,monthly
cus_000000500122,Quillfeather Clinical Systems,ap@quillfeather.com,2025-06-15,2026-06-17,annual
cus_000000500013,Meridian Foundry LLC,ap@meridian.com,2024-08-05,2025-09-10,monthly
cus_000000500099,Hernandez Retail Digital,ap@hernandez.com,2026-06-04,,annual
cus_000000500116,PEMBERTON SABLE CORP,ap@pemberton.com,2026-02-10,2026-08-03,monthly
cus_000000500511,Stonebridge Compass Group,ap@stonebridge.com,2025-02-12,2026-08-08,monthly
cus_000000500461,Quarry Coastal Partners,ap@quarry.com,2026-03-13,2026-07-13,usage
cus_000000500640,Cerulean Keystone Partners,ap@cerulean.com,2025-10-13,2026-08-10,monthly
cus_000000500260,Orchard Summit Inc,ap@orchard.com,2026-06-01,2026-08-04,usage
cus_000000500259,Nightingale Coastal Group,ap@nightingale.com,2024-01-02,2024-12-29,annual
cus_000000501035,Northgate Trading Systems,ap@northgate.com,2024-02-04,2026-02-06,annual
cus_000000500650,Ashcombe Sterling Labs,ap@ashcombe.com,2025-01-05,2026-01-05,annual
cus_000000500572,Ashcombe Clinical Partners,ap@ashcombe.com,2023-02-19,2026-07-25,monthly
cus_000000500546,Whitmore Onyx Group,ap@whitmore.com,2023-03-26,2025-03-25,annual
cus_000000500190,Oakfield Quantum LLC,ap@oakfield.com,2023-02-27,2026-03-05,annual
cus_000000500134,Glenrock Nimbus Holdings,ap@glenrock.com,2023-04-08,2026-03-29,annual
cus_000000500711,Glenrock Foundry Holdings,ap@glenrock.com,2023-01-17,2026-03-13,usage
cus_000000500308,YELLOWFIN SABLE INC,ap@yellowfin.com,2023-09-26,2025-09-25,annual
cus_000000500214,Alder Precision Corporation,ap@alder.com,2023-10-23,2025-10-26,annual
cus_000000500416,Yellowfin Keystone,ap@yellowfin.com,2024-03-06,2026-03-06,annual
cus_000000500364,Alder Lumen Systems,ap@alder.com,2024-04-23,2025-08-18,monthly
cus_000000500139,Nightingale Keystone Labs,ap@nightingale.com,2025-10-23,2025-10-23,annual
cus_000000500723,Vantage Freight Corp.,ap@vantage.com,2025-03-11,2025-03-11,annual
cus_000000500565,Oakfield Coastal,ap@oakfield.com,2023-12-09,2025-12-06,annual
cus_000000500680,Quillfeather Coastal,ap@quillfeather.com,2024-02-07,2026-02-07,annual
cus_000000500197,Garcia Sistemas Atlas,ap@garcia.com,2024-07-17,2026-07-13,annual
cus_000000500798,Copperfield Nimbus Group,ap@copperfield.com,2025-04-25,2026-08-17,monthly
cus_000000500233,HOLLOWWAY VECTOR INC,ap@hollowway.com,2023-02-01,2026-01-29,annual
cus_000000500063,MERIDIAN QUANTUM LABS,ap@meridian.com,2024-06-30,2026-08-17,monthly
cus_000000500563,Verdigris Beacon Holdings,ap@verdigris.com,2023-12-20,2026-08-08,usage
cus_000000500862,Andre Freres Cascade,ap@andre.com,2025-12-30,2025-12-30,annual
cus_000000501061,ACME FOUNDRY LABS,ap@acme.com,2023-03-01,2026-02-24,annual
cus_000000500633,Northgate Supply Corp,ap@northgate.com,2026-07-03,,monthly
cus_000000500994,Harborview Atlas Corp.,ap@harborview.com,2024-01-18,2025-01-17,annual
cus_000000500530,Underhill Foundry Group,ap@underhill.com,2024-05-13,2026-03-01,monthly
cus_000000501037,Yarrow Freight Group,ap@yarrow.com,2025-01-24,2026-08-03,monthly
cus_000000500278,Harborview Cascade Corporation,ap@harborview.com,2024-02-06,2025-02-02,annual
cus_000000500837,Stonebridge Nimbus Inc,ap@stonebridge.com,2026-06-23,,annual
cus_000000500831,Yellowfin Compass Systems,ap@yellowfin.com,2025-08-23,2026-08-14,monthly
cus_000000500390,Stonebridge Vector Corp,ap@stonebridge.com,2025-09-22,2025-09-22,monthly
cus_000000500121,Silverline Compass Inc,ap@silverline.com,2023-07-28,2026-03-03,monthly
cus_000000500370,Yarrow Summit LLC,ap@yarrow.com,2024-04-15,2026-04-13,annual
cus_000000500975,Pemberton Onyx Corp,ap@pemberton.com,2023-04-07,2026-03-31,annual
cus_000000500100,Vasquez Media Lumen,ap@vasquez.com,2023-08-19,2026-08-17,monthly
cus_000000501019,Tanglewood Vector Systems,ap@tanglewood.com,2025-09-07,,annual
cus_000000500228,Alder Freight,ap@alder.com,2024-07-06,2026-08-20,monthly
cus_000000500962,Fairmount Analytics,ap@fairmount.com,2026-06-03,,annual
cus_000000500019,Glenrock Atlas Holdings,ap@glenrock.com,2024-08-14,2026-08-14,annual
cus_000000500092,Redstone Sable,ap@redstone.com,2026-04-22,2026-04-22,annual
cus_000000500785,Pinnacle Supply Systems,ap@pinnacle.com,2026-01-04,2026-01-04,annual
cus_000000500336,Meridian Cascade Group,ap@meridian.com,2026-06-30,2026-06-30,annual
cus_000000501126,Harborview Freight Partners,ap@harborview.com,2025-07-26,2026-06-06,monthly
cus_000000500232,Umbra Supply,ap@umbra.com,2025-09-28,2026-08-12,monthly
cus_000000500402,Harborview Sable Partners,ap@harborview.com,2024-03-25,2026-08-07,monthly
cus_000000500564,Redstone Compass,ap@redstone.com,2025-08-12,2026-08-04,usage
cus_000000500422,Thornbury Anchor Group,ap@thornbury.com,2026-03-19,2026-08-07,monthly
cus_000000500200,Blackthorn Sable Holdings,ap@blackthorn.com,2024-10-29,2025-11-01,annual
cus_000000500150,Vantage Anchor Group,ap@vantage.com,2023-11-10,2026-08-10,monthly
cus_000000500142,Yarrow Beacon Partners,ap@yarrow.com,2022-11-29,2024-11-28,annual
cus_000000500076,Marbury Supply,ap@marbury.com,2024-02-16,2026-07-29,monthly
cus_000000500314,Whitmore Analytics Labs,ap@whitmore.com,2023-01-04,2026-07-29,monthly
cus_000000500765,Ferreira Servicos Compass,ap@ferreira.com,2025-06-09,,usage
cus_000000500873,Zenith Quantum,ap@zenith.com,2025-06-08,2026-04-27,monthly
cus_000000500760,Cerulean Clinical LLC,ap@cerulean.com,2024-10-26,2026-08-17,monthly
cus_000000500828,Underhill Lumen Systems,ap@underhill.com,2024-06-09,2026-02-20,monthly
cus_000000500931,Inglewood Coastal Systems,ap@inglewood.com,2024-12-29,2025-12-28,annual
cus_000000500817,Ironwood Nimbus Corp,ap@ironwood.com,2024-01-01,2024-12-30,annual
cus_000000501062,Hollowway Cascade Partners,ap@hollowway.com,2026-07-01,2026-07-30,monthly
cus_000000501000,Harborview Sterling LLC,ap@harborview.com,2026-04-25,,annual
cus_000000500170,Fairmount Freight Group,ap@fairmount.com,2023-06-29,2026-06-27,annual
cus_000000500503,Cranfield Keystone Group,ap@cranfield.com,2024-09-06,2025-09-09,annual
cus_000000500677,Glenrock Clinical Holdings,ap@glenrock.com,2025-11-02,2025-11-02,annual
cus_000000500958,Perez Group Cascade II,ap@perez.com,2024-09-11,2026-08-02,monthly
cus_000000500691,Westbrook Nimbus Systems,ap@westbrook.com,2026-02-12,2026-08-16,monthly
cus_000000500848,Blackthorn Quantum,ap@blackthorn.com,2025-02-14,2026-08-15,usage
cus_000000500356,Yarrow Summit Corp.,ap@yarrow.com,2022-12-21,2026-07-27,monthly
cus_000000500699,Silverline Digital Corp,ap@silverline.com,2026-02-16,,annual
cus_000000500383,Hernandez Retail Atlas,ap@hernandez.com,2025-09-09,2026-01-03,monthly
cus_000000500768,GARCIA SISTEMAS KEYSTONE,ap@garcia.com,2024-12-18,2025-12-18,annual
cus_000000500703,Alder Vector LLC,ap@alder.com,2024-11-17,2026-08-04,monthly
cus_000000500431,Meridian Compass Partners,ap@meridian.com,2024-02-11,2026-02-10,annual
cus_000000500246,Zenith Precision Systems,ap@zenith.com,2022-10-29,2026-08-12,usage
cus_000000501067,Fairmount Quantum,ap@fairmount.com,2025-10-28,2026-08-19,monthly
cus_000000500474,Pinnacle Cascade Labs,ap@pinnacle.com,2025-02-21,2026-08-08,monthly
cus_000000500858,Cranfield Sable,ap@cranfield.com,2023-02-27,2025-02-22,annual
cus_000000500327,Ashcombe Summit,ap@ashcombe.com,2023-11-22,2025-11-24,annual
cus_000000500320,Nightingale Cascade LLC,ap@nightingale.com,2023-10-16,2026-06-16,monthly
cus_000000500268,Ironwood Quantum Group,ap@ironwood.com,2024-08-01,2026-08-07,monthly
cus_000000500371,Whitmore Sable Inc.,ap@whitmore.com,2023-10-31,2025-10-29,annual
cus_000000501141,Quarry Lumen Partners,ap@quarry.com,2023-04-17,2026-08-07,monthly
cus_000000500896,Dunmore Foundry Holdings,ap@dunmore.com,2025-04-15,,monthly
cus_000000500049,Cranfield Atlas Labs - Div 2,ap@cranfield.com,2026-04-02,2026-04-02,annual
cus_000000500978,Alder Analytics Inc,ap@alder.com,2025-11-26,2025-11-26,annual
cus_000000500826,Copperfield Beacon Group,ap@copperfield.com,2025-09-21,,annual
cus_000000500721,Oakfield Nimbus Inc,ap@oakfield.com,2023-11-23,2026-07-26,monthly
cus_000000500024,Westbrook Trading Partners,ap@westbrook.com,2025-01-09,2025-01-09,annual
cus_000000500977,Dunmore Cascade Partners,ap@dunmore.com,2023-10-02,2025-10-03,annual
cus_000000500326,Northwind Pioneer Systems,ap@northwind.com,2025-05-16,2026-08-10,monthly
cus_000000500457,Alder Vector Partners,ap@alder.com,2024-02-27,2026-02-25,annual
cus_000000500754,Blackthorn Clinical Labs,ap@blackthorn.com,2026-02-21,2026-08-20,monthly
cus_000000500502,Northwind Digital LLC,ap@northwind.com,2025-02-19,2026-02-19,annual
cus_000000500645,Yellowfin Vector Corp,ap@yellowfin.com,2025-08-23,2026-07-22,monthly
cus_000000500995,Harborview Atlas Corp - LATAM,ap@harborview.com,2024-01-27,2026-01-27,annual
cus_000000500974,Pemberton Onyx Labs,ap@pemberton.com,2023-12-19,2026-04-10,monthly
cus_000000501038,Blackthorn Analytics,ap@blackthorn.com,2025-08-25,2025-08-25,annual
cus_000000500741,Fairmount Nimbus Holdings,ap@fairmount.com,2026-03-07,2026-08-04,monthly
cus_000000500808,Blackthorn Summit Systems,ap@blackthorn.com,2025-01-09,2026-08-11,monthly
cus_000000500253,Thornbury Trading Holdings,ap@thornbury.com,2024-11-13,2024-12-12,monthly
cus_000000500330,Yarrow Atlas Labs,ap@yarrow.com,2025-08-03,2026-08-01,annual
cus_000000500775,Northwind Supply Labs,ap@northwind.com,2024-09-30,2026-07-31,monthly
cus_000000500883,Redstone Onyx Group,ap@redstone.com,2026-05-17,2026-08-12,usage
cus_000000500689,Silverline Cascade Labs,ap@silverline.com,2024-08-21,2026-08-01,usage
cus_000000501052,Ferreira Servicos Foundry,ap@ferreira.com,2022-11-11,2026-07-30,monthly
cus_000000500781,Yarrow Analytics Inc,ap@yarrow.com,2023-01-24,2026-01-23,annual
cus_000000500060,Ravenswood Freight Partners,ap@ravenswood.com,2024-10-29,2024-10-29,annual
cus_000000500547,Kestrel Nimbus Holdings,ap@kestrel.com,2025-02-06,2026-02-07,annual
cus_000000500026,Yarrow Sable Systems,ap@yarrow.com,2025-05-17,2026-08-14,monthly
cus_000000501083,Kestrel Cascade LLC,ap@kestrel.com,2023-01-31,2026-08-05,monthly
cus_000000501095,Stonebridge Nimbus,ap@stonebridge.com,2023-02-22,2026-07-27,monthly
cus_000000500395,Verdigris Freight LLC,ap@verdigris.com,2024-09-23,2025-12-25,monthly
cus_000000500387,Tanglewood Keystone Corp.,ap@tanglewood.com,2025-11-27,2025-11-27,annual
cus_000000500670,Nunez Capital Keystone,ap@nunez.com,2025-01-21,2026-07-27,usage
cus_000000500819,Eastvale Sable Labs,ap@eastvale.com,2025-03-03,2026-01-04,monthly
cus_000000500454,Oakfield Keystone Systems - EMEA,ap@oakfield.com,2023-11-20,2026-04-21,monthly
cus_000000500451,Pinnacle Digital Labs,ap@pinnacle.com,2023-06-08,2026-07-25,usage
cus_000000501002,Hollowway Atlas LLC,ap@hollowway.com,2023-01-12,2024-12-07,usage
cus_000000500769,Andre Freres Lumen,ap@andre.com,2024-04-03,2026-04-02,annual
cus_000000500985,Quarry Supply Incorporated,ap@quarry.com,2025-06-16,2025-06-16,annual
cus_000000500930,Inglewood Analytics LLC,ap@inglewood.com,2024-12-11,2025-12-11,annual
cus_000000500372,Blackthorn Precision Corp,ap@blackthorn.com,2025-04-20,2026-04-22,annual
cus_000000500676,Alder Analytics Partners,ap@alder.com,2024-04-01,2026-08-14,monthly
cus_000000500779,Inglewood Pioneer Holdings,ap@inglewood.com,2023-09-12,2026-08-03,monthly
cus_000000501003,Underhill Supply Partners,ap@underhill.com,2025-08-23,2025-08-23,annual
cus_000000501051,Guimaraes Log Sterling II,ap@guimaraes.com,2025-05-30,2026-08-17,monthly
cus_000000500140,Ashcombe Quantum Labs,ap@ashcombe.com,2025-07-20,2026-08-08,monthly
cus_000000500666,Dunmore Trading Inc,ap@dunmore.com,2023-05-26,2025-12-23,monthly
cus_000000500313,Hollowway Quantum Systems,ap@hollowway.com,2023-04-25,2025-04-25,annual
cus_000000500321,Alder Beacon Corp,ap@alder.com,2026-02-27,,annual
cus_000000500736,Pemberton Summit Group,ap@pemberton.com,2025-06-26,2026-07-21,monthly
cus_000000500058,QUARRY FOUNDRY LLC,ap@quarry.com,2023-12-22,2026-05-07,monthly
cus_000000500859,Grupo Pena Sable,ap@grupo.com,2025-11-12,2025-11-12,annual
cus_000000500700,Verdigris Foundry,ap@verdigris.com,2025-07-31,2026-08-17,monthly
cus_000000500067,Inglewood Compass Labs,ap@inglewood.com,2026-06-06,,monthly
cus_000000500230,Cerulean Compass Group,ap@cerulean.com,2023-03-07,2026-07-30,monthly
cus_000000500945,Marbury Cascade,ap@marbury.com,2023-12-23,2026-07-31,monthly
cus_000000500510,Verdigris Foundry Systems,ap@verdigris.com,2023-03-09,2024-03-05,annual
cus_000000500343,Ravenswood Trading Partners,ap@ravenswood.com,2023-09-25,2025-09-25,annual
cus_000000500421,Copperfield Quantum,ap@copperfield.com,2024-10-10,2025-10-09,annual
cus_000000500639,Pemberton Onyx Systems,ap@pemberton.com,2026-05-17,2026-08-18,monthly
cus_000000500483,Andre Freres Precision,ap@andre.com,2025-02-28,2026-08-17,monthly
cus_000000500903,YARROW PIONEER LABS,ap@yarrow.com,2025-07-04,2026-07-25,monthly
cus_000000500270,Hollowway Summit Group,ap@hollowway.com,2025-07-05,2026-08-18,monthly
cus_000000501006,Silverline Summit Partners,ap@silverline.com,2024-03-11,2025-03-10,annual
cus_000000500066,Kestrel Clinical Systems,ap@kestrel.com,2025-03-16,2026-03-14,annual
cus_000000500719,Alder Summit,ap@alder.com,2023-02-14,2025-02-15,annual
cus_000000500940,Umbra Atlas Corp,ap@umbra.com,2024-09-08,2025-09-11,annual
cus_000000500878,Acme Beacon Labs,ap@acme.com,2023-02-04,2026-07-31,monthly
cus_000000500777,Marbury Lumen,ap@marbury.com,2023-01-09,2026-08-11,usage
cus_000000500015,Yarrow Anchor Labs,ap@yarrow.com,2023-07-03,2026-01-27,monthly
cus_000000500223,Oakfield Pioneer Partners,ap@oakfield.com,2024-06-23,2026-06-21,annual
cus_000000500687,Zenith Precision Group,ap@zenith.com,2025-05-02,2026-04-30,annual
cus_000000500425,Yellowfin Beacon LLC,ap@yellowfin.com,2023-11-22,2026-07-31,monthly
cus_000000500032,HARBORVIEW SUPPLY GROUP,ap@harborview.com,2023-09-13,2026-05-25,usage
cus_000000500391,Fairmount Lumen Holdings,ap@fairmount.com,2024-08-20,2024-08-20,annual
cus_000000500937,Ashcombe Compass Partners,ap@ashcombe.com,2022-12-25,2024-12-24,annual
cus_000000500970,Vantage Cascade LLC,ap@vantage.com,2023-11-16,2026-07-21,monthly
cus_000000500432,Copperfield Lumen Corp,ap@copperfield.com,2025-01-06,2026-08-16,monthly
cus_000000500916,Pemberton Pioneer Labs,ap@pemberton.com,2024-09-04,2025-09-03,annual
cus_000000500569,YELLOWFIN CASCADE LLC,ap@yellowfin.com,2023-07-31,2026-08-06,annual
cus_000000500517,Pinnacle Cascade Corp.,ap@pinnacle.com,2023-07-29,2026-07-27,annual
cus_000000500186,Quarry Precision Systems,ap@quarry.com,2023-09-21,2026-07-26,monthly
cus_000000500761,Fairmount Vector,ap@fairmount.com,2023-05-15,2025-05-20,monthly
cus_000000500604,Alder Clinical Labs,ap@alder.com,2023-09-04,2026-08-20,monthly
cus_000000500812,Northwind Foundry Systems,ap@northwind.com,2024-08-31,2026-03-19,monthly
cus_000000500834,Westbrook Beacon Holdings,ap@westbrook.com,2025-11-20,2025-11-20,annual
cus_000000500093,Whitmore Vector Partners,ap@whitmore.com,2024-06-12,2026-06-14,annual
cus_000000500273,Yarrow Anchor,ap@yarrow.com,2026-02-26,,usage
cus_000000500679,Dunmore Summit LLC,ap@dunmore.com,2023-01-05,2026-01-11,annual
cus_000000500520,HOLLOWWAY FOUNDRY PARTNERS,ap@hollowway.com,2023-06-13,2025-06-10,annual
cus_000000500318,Cranfield Sterling Systems,ap@cranfield.com,2024-01-14,2026-01-14,annual
cus_000000500856,COPPERFIELD PRECISION CORP,ap@copperfield.com,2025-01-06,2026-08-05,monthly
cus_000000500952,Brightwater Vector Corp,ap@brightwater.com,2025-09-28,2025-09-28,annual
cus_000000500198,Andre Freres,ap@andre.com,2024-01-05,2026-01-10,annual
cus_000000500851,Larkspur Pioneer Partners,ap@larkspur.com,2024-11-21,2025-11-18,monthly
