cohort,k,cohort_size,active,logo_retention_pct,revenue_retention_pct,cum_rev_per_cohort_customer
2022-10-01,0,4,4,100.0,100.0,721.0
2022-10-01,1,4,3,75.0,91.1,1378.0
2022-10-01,2,4,4,100.0,100.3,2101.0
2022-10-01,3,4,4,100.0,101.9,2836.0
2022-10-01,4,4,2,50.0,19.5,2977.0
2022-10-01,5,4,4,100.0,111.0,3777.0
2022-10-01,6,4,4,100.0,112.8,4590.0
2022-10-01,7,4,4,100.0,117.7,5439.0
2022-10-01,8,4,4,100.0,106.7,6208.0
2022-10-01,9,4,4,100.0,102.6,6948.0
2022-10-01,10,4,4,100.0,110.3,7743.0
2022-10-01,11,4,4,100.0,100.8,8470.0
2022-10-01,12,4,4,100.0,103.4,9216.0
2022-10-01,13,4,4,100.0,105.7,9979.0
2022-10-01,14,4,3,75.0,103.1,10722.0
2022-10-01,15,4,3,75.0,172.5,11965.0
2022-10-01,16,4,3,75.0,94.2,12645.0
2022-10-01,17,4,4,100.0,98.9,13358.0
2022-10-01,18,4,4,100.0,108.7,14142.0
2022-10-01,19,4,4,100.0,101.6,14875.0
2022-10-01,20,4,3,75.0,98.4,15585.0
2022-10-01,21,4,4,100.0,98.2,16293.0
2022-10-01,22,4,3,75.0,91.2,16950.0
2022-10-01,23,4,4,100.0,114.3,17774.0
2022-10-01,24,4,4,100.0,123.3,18663.0
2022-10-01,25,4,4,100.0,112.1,19471.0
2022-10-01,26,4,4,100.0,111.0,20272.0
2022-10-01,27,4,4,100.0,107.6,21048.0
2022-10-01,28,4,4,100.0,100.3,21771.0
2022-10-01,29,4,4,100.0,105.0,22528.0
2022-10-01,30,4,4,100.0,102.2,23265.0
2022-10-01,31,4,4,100.0,107.7,24042.0
2022-10-01,32,4,4,100.0,101.5,24773.0
2022-10-01,33,4,4,100.0,111.9,25580.0
2022-10-01,34,4,4,100.0,113.5,26399.0
2022-10-01,35,4,3,75.0,90.8,27054.0
2022-10-01,36,4,3,75.0,101.3,27784.0
2022-10-01,37,4,3,75.0,98.7,28496.0
2022-10-01,38,4,3,75.0,99.5,29213.0
2022-10-01,39,4,3,75.0,101.5,29945.0
2022-10-01,40,4,3,75.0,97.9,30652.0
2022-10-01,41,4,3,75.0,102.1,31388.0
2022-10-01,42,4,3,75.0,93.7,32063.0
2022-10-01,43,4,3,75.0,93.8,32740.0
2022-10-01,44,4,2,50.0,80.3,33319.0
2022-10-01,45,4,2,50.0,91.6,33980.0
2022-11-01,0,14,14,100.0,100.0,2632.0
2022-11-01,1,14,13,92.9,112.8,5603.0
2022-11-01,2,14,14,100.0,98.4,8194.0
2022-11-01,3,14,13,92.9,83.6,10394.0
2022-11-01,4,14,14,100.0,112.1,13344.0
2022-11-01,5,14,13,92.9,96.8,15892.0
2022-11-01,6,14,13,92.9,96.1,18421.0
2022-11-01,7,14,14,100.0,98.9,21023.0
2022-11-01,8,14,13,92.9,97.8,23598.0
2022-11-01,9,14,14,100.0,97.4,26161.0
2022-11-01,10,14,14,100.0,100.1,28796.0
2022-11-01,11,14,13,92.9,95.2,31302.0
2022-11-01,12,14,13,92.9,91.5,33711.0
2022-11-01,13,14,14,100.0,95.8,36232.0
2022-11-01,14,14,13,92.9,90.0,38601.0
2022-11-01,15,14,14,100.0,95.5,41115.0
2022-11-01,16,14,14,100.0,94.3,43598.0
2022-11-01,17,14,14,100.0,94.4,46084.0
2022-11-01,18,14,14,100.0,94.8,48580.0
2022-11-01,19,14,12,85.7,79.9,50683.0
2022-11-01,20,14,13,92.9,93.9,53156.0
2022-11-01,21,14,14,100.0,93.1,55607.0
2022-11-01,22,14,12,85.7,89.3,57957.0
2022-11-01,23,14,14,100.0,95.6,60473.0
2022-11-01,24,14,10,71.4,88.7,62808.0
2022-11-01,25,14,12,85.7,76.7,64828.0
2022-11-01,26,14,12,85.7,78.2,66886.0
2022-11-01,27,14,11,78.6,75.0,68861.0
2022-11-01,28,14,13,92.9,92.9,71307.0
2022-11-01,29,14,11,78.6,79.9,73411.0
2022-11-01,30,14,12,85.7,78.7,75483.0
2022-11-01,31,14,12,85.7,89.0,77826.0
2022-11-01,32,14,11,78.6,94.2,80306.0
2022-11-01,33,14,12,85.7,89.3,82655.0
2022-11-01,34,14,10,71.4,87.5,84960.0
2022-11-01,35,14,12,85.7,92.8,87401.0
2022-11-01,36,14,10,71.4,65.7,89132.0
2022-11-01,37,14,9,64.3,62.6,90780.0
2022-11-01,38,14,10,71.4,62.2,92418.0
2022-11-01,39,14,10,71.4,63.8,94098.0
2022-11-01,40,14,9,64.3,65.1,95812.0
2022-11-01,41,14,9,64.3,61.7,97436.0
2022-11-01,42,14,10,71.4,62.4,99079.0
2022-11-01,43,14,10,71.4,66.0,100816.0
2022-11-01,44,14,7,50.0,34.8,101731.0
2022-12-01,0,16,16,100.0,100.0,2345.0
2022-12-01,1,16,16,100.0,99.8,4685.0
2022-12-01,2,16,15,93.8,99.4,7017.0
2022-12-01,3,16,16,100.0,101.5,9397.0
2022-12-01,4,16,16,100.0,100.7,11757.0
2022-12-01,5,16,16,100.0,100.8,14121.0
2022-12-01,6,16,16,100.0,99.0,16444.0
2022-12-01,7,16,16,100.0,102.1,18837.0
2022-12-01,8,16,16,100.0,99.3,21165.0
2022-12-01,9,16,14,87.5,92.0,23323.0
2022-12-01,10,16,16,100.0,100.9,25688.0
2022-12-01,11,16,15,93.8,96.4,27948.0
2022-12-01,12,16,15,93.8,99.3,30276.0
2022-12-01,13,16,15,93.8,98.1,32575.0
2022-12-01,14,16,15,93.8,98.3,34881.0
2022-12-01,15,16,15,93.8,98.1,37181.0
2022-12-01,16,16,15,93.8,101.9,39571.0
2022-12-01,17,16,14,87.5,94.1,41778.0
2022-12-01,18,16,14,87.5,93.1,43960.0
2022-12-01,19,16,15,93.8,99.6,46296.0
2022-12-01,20,16,14,87.5,88.2,48365.0
2022-12-01,21,16,15,93.8,99.5,50698.0
2022-12-01,22,16,14,87.5,95.1,52928.0
2022-12-01,23,16,16,100.0,100.9,55294.0
2022-12-01,24,16,15,93.8,72.0,56983.0
2022-12-01,25,16,13,81.3,66.4,58540.0
2022-12-01,26,16,14,87.5,67.0,60110.0
2022-12-01,27,16,14,87.5,66.4,61668.0
2022-12-01,28,16,14,87.5,67.8,63257.0
2022-12-01,29,16,13,81.3,66.6,64819.0
2022-12-01,30,16,14,87.5,67.5,66401.0
2022-12-01,31,16,14,87.5,68.5,68007.0
2022-12-01,32,16,14,87.5,68.3,69608.0
2022-12-01,33,16,14,87.5,68.9,71224.0
2022-12-01,34,16,14,87.5,67.9,72815.0
2022-12-01,35,16,14,87.5,69.2,74438.0
2022-12-01,36,16,13,81.3,91.3,76577.0
2022-12-01,37,16,13,81.3,87.8,78637.0
2022-12-01,38,16,14,87.5,91.4,80779.0
2022-12-01,39,16,14,87.5,95.1,83008.0
2022-12-01,40,16,14,87.5,91.4,85151.0
2022-12-01,41,16,13,81.3,100.5,87507.0
2022-12-01,42,16,13,81.3,79.8,89377.0
2022-12-01,43,16,13,81.3,79.5,91242.0
2023-01-01,0,25,25,100.0,100.0,2345.0
2023-01-01,1,25,23,92.0,81.1,4248.0
2023-01-01,2,25,23,92.0,79.5,6113.0
2023-01-01,3,25,24,96.0,98.7,8428.0
2023-01-01,4,25,25,100.0,98.6,10741.0
2023-01-01,5,25,24,96.0,83.2,12692.0
2023-01-01,6,25,25,100.0,117.4,15446.0
2023-01-01,7,25,24,96.0,98.4,17754.0
2023-01-01,8,25,24,96.0,100.9,20120.0
2023-01-01,9,25,24,96.0,92.0,22279.0
2023-01-01,10,25,23,92.0,98.5,24589.0
2023-01-01,11,25,20,80.0,89.6,26691.0
2023-01-01,12,25,22,88.0,90.1,28804.0
2023-01-01,13,25,23,92.0,88.3,30875.0
2023-01-01,14,25,22,88.0,72.9,32584.0
2023-01-01,15,25,22,88.0,86.9,34622.0
2023-01-01,16,25,23,92.0,86.0,36639.0
2023-01-01,17,25,22,88.0,85.0,38632.0
2023-01-01,18,25,20,80.0,77.9,40460.0
2023-01-01,19,25,24,96.0,88.9,42545.0
2023-01-01,20,25,20,80.0,67.2,44121.0
2023-01-01,21,25,24,96.0,88.1,46187.0
2023-01-01,22,25,24,96.0,87.2,48233.0
2023-01-01,23,25,23,92.0,68.8,49847.0
2023-01-01,24,25,20,80.0,77.6,51668.0
2023-01-01,25,25,19,76.0,62.5,53134.0
2023-01-01,26,25,21,84.0,80.6,55024.0
2023-01-01,27,25,19,76.0,59.3,56414.0
2023-01-01,28,25,20,80.0,59.6,57812.0
2023-01-01,29,25,18,72.0,45.8,58887.0
2023-01-01,30,25,21,84.0,78.5,60728.0
2023-01-01,31,25,21,84.0,66.0,62275.0
2023-01-01,32,25,21,84.0,63.5,63764.0
2023-01-01,33,25,21,84.0,68.8,65379.0
2023-01-01,34,25,20,80.0,70.5,67033.0
2023-01-01,35,25,20,80.0,63.7,68528.0
2023-01-01,36,25,18,72.0,60.9,69956.0
2023-01-01,37,25,16,64.0,50.0,71130.0
2023-01-01,38,25,14,56.0,47.4,72241.0
2023-01-01,39,25,16,64.0,43.5,73262.0
2023-01-01,40,25,16,64.0,42.3,74254.0
2023-01-01,41,25,16,64.0,42.3,75246.0
2023-01-01,42,25,16,64.0,44.5,76290.0
2023-02-01,0,24,24,100.0,100.0,2169.0
2023-02-01,1,24,23,95.8,102.8,4400.0
2023-02-01,2,24,22,91.7,96.1,6485.0
2023-02-01,3,24,23,95.8,98.8,8628.0
2023-02-01,4,24,24,100.0,100.9,10817.0
2023-02-01,5,24,24,100.0,98.4,12951.0
2023-02-01,6,24,24,100.0,99.8,15115.0
2023-02-01,7,24,24,100.0,98.3,17247.0
2023-02-01,8,24,24,100.0,99.1,19397.0
2023-02-01,9,24,21,87.5,95.0,21458.0
2023-02-01,10,24,23,95.8,95.3,23525.0
2023-02-01,11,24,24,100.0,98.3,25658.0
2023-02-01,12,24,23,95.8,94.1,27698.0
2023-02-01,13,24,23,95.8,95.8,29777.0
2023-02-01,14,24,22,91.7,77.2,31452.0
2023-02-01,15,24,23,95.8,100.0,33621.0
2023-02-01,16,24,22,91.7,93.0,35639.0
2023-02-01,17,24,23,95.8,98.6,37778.0
2023-02-01,18,24,22,91.7,92.0,39773.0
2023-02-01,19,24,20,83.3,98.0,41898.0
2023-02-01,20,24,21,87.5,95.5,43971.0
2023-02-01,21,24,22,91.7,93.6,46001.0
2023-02-01,22,24,20,83.3,90.0,47954.0
2023-02-01,23,24,22,91.7,105.1,50235.0
2023-02-01,24,24,20,83.3,83.1,52037.0
2023-02-01,25,24,21,87.5,87.7,53940.0
2023-02-01,26,24,22,91.7,91.7,55929.0
2023-02-01,27,24,21,87.5,92.7,57941.0
2023-02-01,28,24,21,87.5,93.3,59964.0
2023-02-01,29,24,21,87.5,91.4,61947.0
2023-02-01,30,24,22,91.7,112.3,64383.0
2023-02-01,31,24,20,83.3,75.9,66029.0
2023-02-01,32,24,22,91.7,112.8,68477.0
2023-02-01,33,24,20,83.3,93.1,70496.0
2023-02-01,34,24,21,87.5,99.1,72646.0
2023-02-01,35,24,20,83.3,76.0,74294.0
2023-02-01,36,24,19,79.2,76.8,75959.0
2023-02-01,37,24,18,75.0,64.3,77354.0
2023-02-01,38,24,17,70.8,43.4,78295.0
2023-02-01,39,24,16,66.7,43.1,79231.0
2023-02-01,40,24,16,66.7,39.1,80078.0
2023-02-01,41,24,17,70.8,44.9,81052.0
2023-03-01,0,25,25,100.0,100.0,2501.0
2023-03-01,1,25,25,100.0,99.2,4983.0
2023-03-01,2,25,23,92.0,96.7,7402.0
2023-03-01,3,25,25,100.0,98.2,9859.0
2023-03-01,4,25,23,92.0,91.5,12146.0
2023-03-01,5,25,25,100.0,105.8,14792.0
2023-03-01,6,25,23,92.0,96.6,17207.0
2023-03-01,7,25,24,96.0,97.6,19647.0
2023-03-01,8,25,22,88.0,95.8,22044.0
2023-03-01,9,25,24,96.0,97.5,24482.0
2023-03-01,10,25,25,100.0,99.7,26974.0
2023-03-01,11,25,21,84.0,95.1,29352.0
2023-03-01,12,25,25,100.0,102.0,31902.0
2023-03-01,13,25,21,84.0,86.0,34053.0
2023-03-01,14,25,25,100.0,102.5,36617.0
2023-03-01,15,25,20,80.0,110.1,39372.0
2023-03-01,16,25,23,92.0,99.1,41850.0
2023-03-01,17,25,25,100.0,100.8,44372.0
2023-03-01,18,25,24,96.0,98.5,46836.0
2023-03-01,19,25,24,96.0,87.5,49024.0
2023-03-01,20,25,23,92.0,99.7,51517.0
2023-03-01,21,25,23,92.0,87.1,53695.0
2023-03-01,22,25,24,96.0,98.6,56161.0
2023-03-01,23,25,22,88.0,117.1,59090.0
2023-03-01,24,25,20,80.0,98.7,61558.0
2023-03-01,25,25,18,72.0,87.0,63734.0
2023-03-01,26,25,19,76.0,95.2,66115.0
2023-03-01,27,25,19,76.0,97.7,68560.0
2023-03-01,28,25,19,76.0,95.9,70957.0
2023-03-01,29,25,21,84.0,99.2,73437.0
2023-03-01,30,25,20,80.0,98.1,75892.0
2023-03-01,31,25,20,80.0,99.7,78385.0
2023-03-01,32,25,20,80.0,98.8,80855.0
2023-03-01,33,25,18,72.0,86.9,83027.0
2023-03-01,34,25,17,68.0,87.3,85209.0
2023-03-01,35,25,16,64.0,81.8,87256.0
2023-03-01,36,25,16,64.0,81.6,89298.0
2023-03-01,37,25,14,56.0,68.1,91000.0
2023-03-01,38,25,14,56.0,82.0,93051.0
2023-03-01,39,25,13,52.0,78.6,95018.0
2023-03-01,40,25,13,52.0,67.2,96698.0
2023-04-01,0,25,25,100.0,100.0,2281.0
2023-04-01,1,25,24,96.0,98.3,4523.0
2023-04-01,2,25,24,96.0,101.7,6843.0
2023-04-01,3,25,23,92.0,93.0,8963.0
2023-04-01,4,25,25,100.0,101.3,11274.0
2023-04-01,5,25,25,100.0,103.0,13625.0
2023-04-01,6,25,24,96.0,101.5,15939.0
2023-04-01,7,25,24,96.0,91.3,18023.0
2023-04-01,8,25,25,100.0,102.5,20362.0
2023-04-01,9,25,24,96.0,106.4,22789.0
2023-04-01,10,25,23,92.0,88.8,24815.0
2023-04-01,11,25,22,88.0,89.7,26860.0
2023-04-01,12,25,24,96.0,86.5,28833.0
2023-04-01,13,25,24,96.0,86.5,30806.0
2023-04-01,14,25,23,92.0,89.4,32847.0
2023-04-01,15,25,24,96.0,86.8,34826.0
2023-04-01,16,25,24,96.0,90.5,36891.0
2023-04-01,17,25,23,92.0,85.9,38851.0
2023-04-01,18,25,23,92.0,86.2,40818.0
2023-04-01,19,25,23,92.0,83.4,42721.0
2023-04-01,20,25,24,96.0,89.9,44772.0
2023-04-01,21,25,23,92.0,82.8,46660.0
2023-04-01,22,25,22,88.0,89.1,48692.0
2023-04-01,23,25,21,84.0,81.6,50552.0
2023-04-01,24,25,18,72.0,75.9,52285.0
2023-04-01,25,25,19,76.0,80.5,54121.0
2023-04-01,26,25,20,80.0,89.2,56155.0
2023-04-01,27,25,20,80.0,88.7,58177.0
2023-04-01,28,25,20,80.0,86.8,60158.0
2023-04-01,29,25,20,80.0,88.5,62178.0
2023-04-01,30,25,20,80.0,89.7,64223.0
2023-04-01,31,25,20,80.0,85.6,66176.0
2023-04-01,32,25,20,80.0,88.4,68191.0
2023-04-01,33,25,19,76.0,88.1,70201.0
2023-04-01,34,25,20,80.0,97.7,72429.0
2023-04-01,35,25,20,80.0,90.2,74487.0
2023-04-01,36,25,18,72.0,76.0,76220.0
2023-04-01,37,25,19,76.0,85.2,78163.0
2023-04-01,38,25,19,76.0,85.1,80104.0
2023-04-01,39,25,19,76.0,86.2,82071.0
2023-05-01,0,26,26,100.0,100.0,2475.0
2023-05-01,1,26,24,92.3,90.9,4725.0
2023-05-01,2,26,25,96.2,115.3,7579.0
2023-05-01,3,26,23,88.5,89.2,9786.0
2023-05-01,4,26,26,100.0,104.1,12363.0
2023-05-01,5,26,25,96.2,89.8,14585.0
2023-05-01,6,26,24,92.3,113.1,17385.0
2023-05-01,7,26,25,96.2,99.6,19850.0
2023-05-01,8,26,25,96.2,102.2,22380.0
2023-05-01,9,26,23,88.5,100.5,24867.0
2023-05-01,10,26,25,96.2,102.5,27404.0
2023-05-01,11,26,22,84.6,96.1,29783.0
2023-05-01,12,26,23,88.5,100.3,32264.0
2023-05-01,13,26,22,84.6,93.7,34583.0
2023-05-01,14,26,21,80.8,98.5,37021.0
2023-05-01,15,26,22,84.6,95.8,39391.0
2023-05-01,16,26,19,73.1,95.5,41754.0
2023-05-01,17,26,21,80.8,96.7,44147.0
2023-05-01,18,26,22,84.6,85.9,46273.0
2023-05-01,19,26,21,80.8,84.8,48372.0
2023-05-01,20,26,20,76.9,84.9,50472.0
2023-05-01,21,26,21,80.8,84.1,52554.0
2023-05-01,22,26,18,69.2,70.5,54299.0
2023-05-01,23,26,19,73.1,81.0,56304.0
2023-05-01,24,26,21,80.8,59.9,57787.0
2023-05-01,25,26,19,73.1,44.5,58887.0
2023-05-01,26,26,16,61.5,42.6,59940.0
2023-05-01,27,26,18,69.2,43.7,61022.0
2023-05-01,28,26,18,69.2,43.0,62087.0
2023-05-01,29,26,17,65.4,31.3,62862.0
2023-05-01,30,26,17,65.4,44.3,63957.0
2023-05-01,31,26,16,61.5,41.7,64989.0
2023-05-01,32,26,16,61.5,42.4,66037.0
2023-05-01,33,26,16,61.5,43.1,67104.0
2023-05-01,34,26,14,53.8,39.0,68069.0
2023-05-01,35,26,13,50.0,38.1,69014.0
2023-05-01,36,26,9,34.6,41.9,70052.0
2023-05-01,37,26,10,38.5,42.9,71113.0
2023-05-01,38,26,10,38.5,43.4,72186.0
2023-06-01,0,22,22,100.0,100.0,888.0
2023-06-01,1,22,20,90.9,83.2,1626.0
2023-06-01,2,22,22,100.0,103.7,2547.0
2023-06-01,3,22,21,95.5,110.1,3524.0
2023-06-01,4,22,21,95.5,93.4,4353.0
2023-06-01,5,22,20,90.9,92.1,5171.0
2023-06-01,6,22,22,100.0,101.9,6076.0
2023-06-01,7,22,21,95.5,92.6,6898.0
2023-06-01,8,22,22,100.0,99.4,7780.0
2023-06-01,9,22,20,90.9,94.7,8621.0
2023-06-01,10,22,22,100.0,100.3,9511.0
2023-06-01,11,22,21,95.5,105.0,10443.0
2023-06-01,12,22,21,95.5,96.5,11300.0
2023-06-01,13,22,22,100.0,101.3,12199.0
2023-06-01,14,22,22,100.0,112.8,13200.0
2023-06-01,15,22,20,90.9,83.2,13939.0
2023-06-01,16,22,20,90.9,99.4,14821.0
2023-06-01,17,22,20,90.9,84.9,15574.0
2023-06-01,18,22,21,95.5,99.8,16461.0
2023-06-01,19,22,20,90.9,92.8,17285.0
2023-06-01,20,22,18,81.8,86.7,18054.0
2023-06-01,21,22,21,95.5,107.7,19010.0
2023-06-01,22,22,21,95.5,92.8,19833.0
2023-06-01,23,22,20,90.9,79.4,20539.0
2023-06-01,24,22,18,81.8,78.9,21239.0
2023-06-01,25,22,20,90.9,89.8,22036.0
2023-06-01,26,22,18,81.8,104.9,22968.0
2023-06-01,27,22,19,86.4,75.8,23641.0
2023-06-01,28,22,19,86.4,78.4,24337.0
2023-06-01,29,22,19,86.4,103.8,25259.0
2023-06-01,30,22,18,81.8,80.9,25978.0
2023-06-01,31,22,19,86.4,87.4,26754.0
2023-06-01,32,22,18,81.8,86.3,27520.0
2023-06-01,33,22,19,86.4,87.7,28298.0
2023-06-01,34,22,17,77.3,86.0,29062.0
2023-06-01,35,22,18,81.8,80.5,29777.0
2023-06-01,36,22,12,54.5,56.1,30275.0
2023-06-01,37,22,14,63.6,69.1,30888.0
2023-07-01,0,23,23,100.0,100.0,2607.0
2023-07-01,1,23,22,95.7,101.2,5246.0
2023-07-01,2,23,20,87.0,85.9,7486.0
2023-07-01,3,23,22,95.7,97.5,10028.0
2023-07-01,4,23,22,95.7,95.1,12507.0
2023-07-01,5,23,22,95.7,79.9,14591.0
2023-07-01,6,23,23,100.0,97.2,17126.0
2023-07-01,7,23,22,95.7,83.1,19292.0
2023-07-01,8,23,22,95.7,83.1,21460.0
2023-07-01,9,23,22,95.7,87.4,23738.0
2023-07-01,10,23,22,95.7,81.9,25873.0
2023-07-01,11,23,21,91.3,96.5,28390.0
2023-07-01,12,23,22,95.7,81.3,30510.0
2023-07-01,13,23,22,95.7,95.9,33010.0
2023-07-01,14,23,23,100.0,97.1,35542.0
2023-07-01,15,23,22,95.7,105.3,38288.0
2023-07-01,16,23,21,91.3,82.7,40445.0
2023-07-01,17,23,23,100.0,97.0,42975.0
2023-07-01,18,23,22,95.7,102.6,45652.0
2023-07-01,19,23,19,82.6,86.8,47914.0
2023-07-01,20,23,21,91.3,78.1,49952.0
2023-07-01,21,23,22,95.7,100.6,52576.0
2023-07-01,22,23,22,95.7,79.1,54639.0
2023-07-01,23,23,21,91.3,111.0,57535.0
2023-07-01,24,23,21,91.3,98.0,60090.0
2023-07-01,25,23,21,91.3,102.3,62756.0
2023-07-01,26,23,20,87.0,77.1,64767.0
2023-07-01,27,23,21,91.3,96.4,67279.0
2023-07-01,28,23,20,87.0,94.4,69741.0
2023-07-01,29,23,21,91.3,95.8,72239.0
2023-07-01,30,23,21,91.3,96.1,74745.0
2023-07-01,31,23,18,78.3,74.7,76693.0
2023-07-01,32,23,19,82.6,72.6,78587.0
2023-07-01,33,23,19,82.6,70.8,80434.0
2023-07-01,34,23,18,78.3,72.3,82318.0
2023-07-01,35,23,18,78.3,69.6,84134.0
2023-07-01,36,23,16,69.6,74.2,86068.0
2023-08-01,0,27,27,100.0,100.0,1760.0
2023-08-01,1,27,25,92.6,94.6,3424.0
2023-08-01,2,27,26,96.3,122.8,5586.0
2023-08-01,3,27,24,88.9,97.3,7297.0
2023-08-01,4,27,25,92.6,97.1,9005.0
2023-08-01,5,27,25,92.6,102.8,10814.0
2023-08-01,6,27,25,92.6,95.5,12494.0
2023-08-01,7,27,26,96.3,101.6,14282.0
2023-08-01,8,27,23,85.2,72.1,15550.0
2023-08-01,9,27,26,96.3,122.3,17702.0
2023-08-01,10,27,26,96.3,96.5,19399.0
2023-08-01,11,27,26,96.3,107.2,21285.0
2023-08-01,12,27,26,96.3,95.4,22964.0
2023-08-01,13,27,26,96.3,98.6,24700.0
2023-08-01,14,27,27,100.0,96.9,26404.0
2023-08-01,15,27,26,96.3,82.7,27860.0
2023-08-01,16,27,26,96.3,121.2,29992.0
2023-08-01,17,27,27,100.0,95.6,31673.0
2023-08-01,18,27,26,96.3,95.0,33345.0
2023-08-01,19,27,27,100.0,97.1,35055.0
2023-08-01,20,27,27,100.0,96.8,36758.0
2023-08-01,21,27,24,88.9,76.4,38102.0
2023-08-01,22,27,27,100.0,97.2,39812.0
2023-08-01,23,27,26,96.3,95.6,41495.0
2023-08-01,24,27,22,81.5,92.3,43118.0
2023-08-01,25,27,19,70.4,78.5,44499.0
2023-08-01,26,27,22,81.5,113.7,46499.0
2023-08-01,27,27,21,77.8,83.0,47960.0
2023-08-01,28,27,20,74.1,95.1,49633.0
2023-08-01,29,27,20,74.1,81.3,51063.0
2023-08-01,30,27,21,77.8,85.6,52570.0
2023-08-01,31,27,19,70.4,82.0,54012.0
2023-08-01,32,27,18,66.7,82.1,55456.0
2023-08-01,33,27,17,63.0,81.0,56881.0
2023-08-01,34,27,16,59.3,76.9,58234.0
2023-08-01,35,27,16,59.3,78.8,59620.0
2023-09-01,0,29,29,100.0,100.0,1564.0
2023-09-01,1,29,29,100.0,98.7,3108.0
2023-09-01,2,29,27,93.1,104.6,4744.0
2023-09-01,3,29,29,100.0,101.9,6339.0
2023-09-01,4,29,28,96.6,93.6,7803.0
2023-09-01,5,29,26,89.7,99.2,9354.0
2023-09-01,6,29,28,96.6,93.0,10808.0
2023-09-01,7,29,29,100.0,99.4,12364.0
2023-09-01,8,29,28,96.6,93.0,13819.0
2023-09-01,9,29,26,89.7,76.3,15014.0
2023-09-01,10,29,27,93.1,94.0,16484.0
2023-09-01,11,29,29,100.0,105.9,18141.0
2023-09-01,12,29,26,89.7,63.6,19136.0
2023-09-01,13,29,27,93.1,84.3,20455.0
2023-09-01,14,29,28,96.6,81.4,21729.0
2023-09-01,15,29,26,89.7,82.7,23022.0
2023-09-01,16,29,27,93.1,82.8,24317.0
2023-09-01,17,29,26,89.7,84.2,25635.0
2023-09-01,18,29,27,93.1,81.7,26913.0
2023-09-01,19,29,25,86.2,73.0,28054.0
2023-09-01,20,29,26,89.7,83.0,29353.0
2023-09-01,21,29,26,89.7,88.7,30740.0
2023-09-01,22,29,26,89.7,79.5,31985.0
2023-09-01,23,29,26,89.7,80.5,33243.0
2023-09-01,24,29,26,89.7,97.2,34763.0
2023-09-01,25,29,26,89.7,98.5,36304.0
2023-09-01,26,29,25,86.2,96.5,37813.0
2023-09-01,27,29,26,89.7,96.1,39317.0
2023-09-01,28,29,26,89.7,116.8,41143.0
2023-09-01,29,29,25,86.2,77.0,42347.0
2023-09-01,30,29,22,75.9,65.7,43375.0
2023-09-01,31,29,25,86.2,92.0,44815.0
2023-09-01,32,29,25,86.2,112.6,46577.0
2023-09-01,33,29,22,75.9,70.5,47679.0
2023-09-01,34,29,23,79.3,73.6,48831.0
2023-10-01,0,21,21,100.0,100.0,2012.0
2023-10-01,1,21,20,95.2,99.3,4009.0
2023-10-01,2,21,19,90.5,98.7,5996.0
2023-10-01,3,21,21,100.0,100.5,8017.0
2023-10-01,4,21,21,100.0,100.6,10041.0
2023-10-01,5,21,21,100.0,99.9,12051.0
2023-10-01,6,21,20,95.2,99.1,14045.0
2023-10-01,7,21,21,100.0,101.0,16078.0
2023-10-01,8,21,20,95.2,99.2,18073.0
2023-10-01,9,21,21,100.0,100.1,20087.0
2023-10-01,10,21,21,100.0,100.7,22113.0
2023-10-01,11,21,21,100.0,100.8,24141.0
2023-10-01,12,21,17,81.0,92.2,25996.0
2023-10-01,13,21,18,85.7,96.2,27931.0
2023-10-01,14,21,20,95.2,99.2,29927.0
2023-10-01,15,21,20,95.2,97.1,31881.0
2023-10-01,16,21,17,81.0,95.3,33799.0
2023-10-01,17,21,20,95.2,97.5,35760.0
2023-10-01,18,21,19,90.5,96.7,37706.0
2023-10-01,19,21,20,95.2,97.3,39663.0
2023-10-01,20,21,20,95.2,97.9,41632.0
2023-10-01,21,21,18,85.7,95.7,43558.0
2023-10-01,22,21,19,90.5,99.3,45556.0
2023-10-01,23,21,19,90.5,96.8,47504.0
2023-10-01,24,21,16,76.2,75.8,49029.0
2023-10-01,25,21,14,66.7,72.3,50483.0
2023-10-01,26,21,16,76.2,75.7,52006.0
2023-10-01,27,21,15,71.4,72.9,53473.0
2023-10-01,28,21,14,66.7,72.3,54929.0
2023-10-01,29,21,14,66.7,71.6,56369.0
2023-10-01,30,21,15,71.4,72.6,57830.0
2023-10-01,31,21,13,61.9,69.5,59228.0
2023-10-01,32,21,13,61.9,69.5,60627.0
2023-10-01,33,21,11,52.4,66.9,61972.0
2023-11-01,0,24,24,100.0,100.0,2369.0
2023-11-01,1,24,23,95.8,115.3,5101.0
2023-11-01,2,24,23,95.8,82.7,7060.0
2023-11-01,3,24,22,91.7,81.7,8995.0
2023-11-01,4,24,22,91.7,96.1,11271.0
2023-11-01,5,24,22,91.7,99.8,13637.0
2023-11-01,6,24,24,100.0,100.3,16014.0
2023-11-01,7,24,24,100.0,107.3,18557.0
2023-11-01,8,24,23,95.8,98.3,20886.0
2023-11-01,9,24,22,91.7,94.0,23113.0
2023-11-01,10,24,22,91.7,70.0,24770.0
2023-11-01,11,24,24,100.0,101.6,27176.0
2023-11-01,12,24,23,95.8,94.4,29412.0
2023-11-01,13,24,22,91.7,96.7,31702.0
2023-11-01,14,24,23,95.8,111.5,34344.0
2023-11-01,15,24,23,95.8,83.4,36319.0
2023-11-01,16,24,24,100.0,96.9,38616.0
2023-11-01,17,24,21,87.5,78.3,40470.0
2023-11-01,18,24,24,100.0,99.1,42819.0
2023-11-01,19,24,23,95.8,98.9,45162.0
2023-11-01,20,24,24,100.0,97.6,47473.0
2023-11-01,21,24,24,100.0,97.3,49778.0
2023-11-01,22,24,21,87.5,90.5,51921.0
2023-11-01,23,24,24,100.0,96.6,54210.0
2023-11-01,24,24,21,87.5,86.9,56268.0
2023-11-01,25,24,21,87.5,104.0,58732.0
2023-11-01,26,24,19,79.2,64.8,60267.0
2023-11-01,27,24,18,75.0,64.1,61787.0
2023-11-01,28,24,19,79.2,92.9,63987.0
2023-11-01,29,24,18,75.0,78.9,65855.0
2023-11-01,30,24,16,66.7,75.1,67635.0
2023-11-01,31,24,16,66.7,61.6,69094.0
2023-11-01,32,24,16,66.7,64.6,70625.0
2023-12-01,0,21,21,100.0,100.0,3388.0
2023-12-01,1,21,19,90.5,96.6,6661.0
2023-12-01,2,21,20,95.2,87.8,9634.0
2023-12-01,3,21,20,95.2,95.9,12884.0
2023-12-01,4,21,20,95.2,90.2,15940.0
2023-12-01,5,21,20,95.2,101.1,19367.0
2023-12-01,6,21,19,90.5,98.2,22695.0
2023-12-01,7,21,18,85.7,81.4,25452.0
2023-12-01,8,21,18,85.7,103.4,28954.0
2023-12-01,9,21,20,95.2,100.1,32346.0
2023-12-01,10,21,20,95.2,102.4,35813.0
2023-12-01,11,21,19,90.5,98.3,39145.0
2023-12-01,12,21,19,90.5,99.4,42514.0
2023-12-01,13,21,18,85.7,99.8,45894.0
2023-12-01,14,21,17,81.0,92.6,49032.0
2023-12-01,15,21,19,90.5,98.2,52359.0
2023-12-01,16,21,19,90.5,89.3,55384.0
2023-12-01,17,21,20,95.2,99.7,58762.0
2023-12-01,18,21,19,90.5,99.5,62132.0
2023-12-01,19,21,19,90.5,103.7,65647.0
2023-12-01,20,21,17,81.0,76.9,68253.0
2023-12-01,21,21,18,85.7,91.4,71350.0
2023-12-01,22,21,19,90.5,99.7,74728.0
2023-12-01,23,21,17,81.0,105.2,78290.0
2023-12-01,24,21,17,81.0,102.2,81752.0
2023-12-01,25,21,16,76.2,100.5,85157.0
2023-12-01,26,21,16,76.2,102.6,88634.0
2023-12-01,27,21,17,81.0,98.2,91962.0
2023-12-01,28,21,15,71.4,81.9,94736.0
2023-12-01,29,21,14,66.7,94.1,97924.0
2023-12-01,30,21,10,47.6,54.6,99775.0
2023-12-01,31,21,14,66.7,74.7,102305.0
2024-01-01,0,22,22,100.0,100.0,2635.0
2024-01-01,1,22,22,100.0,93.7,5104.0
2024-01-01,2,22,22,100.0,95.3,7614.0
2024-01-01,3,22,21,95.5,94.8,10112.0
2024-01-01,4,22,22,100.0,97.8,12689.0
2024-01-01,5,22,21,95.5,79.5,14784.0
2024-01-01,6,22,21,95.5,93.4,17246.0
2024-01-01,7,22,21,95.5,95.0,19749.0
2024-01-01,8,22,22,100.0,98.6,22347.0
2024-01-01,9,22,21,95.5,82.5,24520.0
2024-01-01,10,22,20,90.9,81.8,26676.0
2024-01-01,11,22,21,95.5,100.9,29336.0
2024-01-01,12,22,21,95.5,111.3,32269.0
2024-01-01,13,22,20,90.9,84.8,34503.0
2024-01-01,14,22,20,90.9,84.6,36731.0
2024-01-01,15,22,21,95.5,99.4,39350.0
2024-01-01,16,22,22,100.0,114.7,42371.0
2024-01-01,17,22,21,95.5,83.2,44564.0
2024-01-01,18,22,22,100.0,98.8,47167.0
2024-01-01,19,22,22,100.0,101.3,49837.0
2024-01-01,20,22,22,100.0,101.9,52520.0
2024-01-01,21,22,20,90.9,94.8,55018.0
2024-01-01,22,22,22,100.0,100.6,57667.0
2024-01-01,23,22,19,86.4,97.6,60238.0
2024-01-01,24,22,17,77.3,72.8,62157.0
2024-01-01,25,22,15,68.2,53.9,63578.0
2024-01-01,26,22,17,77.3,74.0,65528.0
2024-01-01,27,22,16,72.7,56.8,67026.0
2024-01-01,28,22,17,77.3,72.5,68936.0
2024-01-01,29,22,16,72.7,72.8,70854.0
2024-01-01,30,22,16,72.7,73.8,72797.0
2024-02-01,0,24,24,100.0,100.0,791.0
2024-02-01,1,24,23,95.8,98.1,1567.0
2024-02-01,2,24,23,95.8,93.8,2308.0
2024-02-01,3,24,24,100.0,98.5,3088.0
2024-02-01,4,24,23,95.8,71.3,3652.0
2024-02-01,5,24,24,100.0,96.0,4411.0
2024-02-01,6,24,24,100.0,97.4,5182.0
2024-02-01,7,24,24,100.0,99.0,5965.0
2024-02-01,8,24,22,91.7,86.4,6648.0
2024-02-01,9,24,24,100.0,125.0,7637.0
2024-02-01,10,24,24,100.0,96.9,8403.0
2024-02-01,11,24,24,100.0,112.1,9290.0
2024-02-01,12,24,18,75.0,86.2,9972.0
2024-02-01,13,24,18,75.0,83.3,10631.0
2024-02-01,14,24,19,79.2,80.0,11264.0
2024-02-01,15,24,20,83.3,85.9,11943.0
2024-02-01,16,24,19,79.2,86.6,12628.0
2024-02-01,17,24,20,83.3,90.3,13342.0
2024-02-01,18,24,20,83.3,88.1,14039.0
2024-02-01,19,24,20,83.3,88.3,14737.0
2024-02-01,20,24,19,79.2,80.2,15371.0
2024-02-01,21,24,20,83.3,102.6,16183.0
2024-02-01,22,24,19,79.2,86.7,16868.0
2024-02-01,23,24,18,75.0,72.4,17441.0
2024-02-01,24,24,17,70.8,73.3,18020.0
2024-02-01,25,24,19,79.2,82.5,18673.0
2024-02-01,26,24,16,66.7,64.6,19183.0
2024-02-01,27,24,17,70.8,73.9,19768.0
2024-02-01,28,24,14,58.3,63.1,20267.0
2024-02-01,29,24,16,66.7,67.7,20803.0
2024-03-01,0,27,27,100.0,100.0,3094.0
2024-03-01,1,27,23,85.2,74.0,5385.0
2024-03-01,2,27,27,100.0,99.8,8473.0
2024-03-01,3,27,26,96.3,86.6,11152.0
2024-03-01,4,27,27,100.0,104.0,14370.0
2024-03-01,5,27,25,92.6,85.5,17015.0
2024-03-01,6,27,26,96.3,95.2,19962.0
2024-03-01,7,27,24,88.9,82.6,22518.0
2024-03-01,8,27,26,96.3,92.6,25384.0
2024-03-01,9,27,26,96.3,92.2,28236.0
2024-03-01,10,27,25,92.6,86.3,30907.0
2024-03-01,11,27,25,92.6,91.8,33748.0
2024-03-01,12,27,23,85.2,81.7,36275.0
2024-03-01,13,27,23,85.2,89.8,39053.0
2024-03-01,14,27,23,85.2,82.1,41593.0
2024-03-01,15,27,23,85.2,83.0,44162.0
2024-03-01,16,27,22,81.5,76.3,46523.0
2024-03-01,17,27,23,85.2,80.4,49011.0
2024-03-01,18,27,22,81.5,80.9,51514.0
2024-03-01,19,27,23,85.2,82.0,54053.0
2024-03-01,20,27,22,81.5,83.3,56632.0
2024-03-01,21,27,23,85.2,80.9,59134.0
2024-03-01,22,27,20,74.1,72.4,61374.0
2024-03-01,23,27,20,74.1,81.4,63893.0
2024-03-01,24,27,17,63.0,58.4,65699.0
2024-03-01,25,27,17,63.0,58.6,67514.0
2024-03-01,26,27,17,63.0,57.4,69291.0
2024-03-01,27,27,16,59.3,57.5,71072.0
2024-03-01,28,27,15,55.6,50.3,72627.0
2024-04-01,0,24,24,100.0,100.0,2917.0
2024-04-01,1,24,24,100.0,95.9,5713.0
2024-04-01,2,24,23,95.8,89.0,8309.0
2024-04-01,3,24,24,100.0,100.8,11250.0
2024-04-01,4,24,22,91.7,92.7,13956.0
2024-04-01,5,24,22,91.7,89.5,16565.0
2024-04-01,6,24,24,100.0,96.9,19391.0
2024-04-01,7,24,24,100.0,95.3,22170.0
2024-04-01,8,24,24,100.0,94.8,24934.0
2024-04-01,9,24,23,95.8,95.2,27711.0
2024-04-01,10,24,22,91.7,94.6,30470.0
2024-04-01,11,24,20,83.3,96.6,33289.0
2024-04-01,12,24,23,95.8,96.8,36112.0
2024-04-01,13,24,23,95.8,96.8,38936.0
2024-04-01,14,24,22,91.7,93.5,41664.0
2024-04-01,15,24,23,95.8,100.9,44608.0
2024-04-01,16,24,22,91.7,100.4,47535.0
2024-04-01,17,24,21,87.5,93.0,50249.0
2024-04-01,18,24,20,83.3,76.7,52485.0
2024-04-01,19,24,21,87.5,90.1,55113.0
2024-04-01,20,24,19,79.2,87.8,57675.0
2024-04-01,21,24,21,87.5,104.4,60720.0
2024-04-01,22,24,19,79.2,64.2,62592.0
2024-04-01,23,24,20,83.3,103.6,65615.0
2024-04-01,24,24,18,75.0,85.7,68116.0
2024-04-01,25,24,18,75.0,92.7,70820.0
2024-04-01,26,24,18,75.0,80.3,73162.0
2024-04-01,27,24,19,79.2,93.7,75896.0
2024-05-01,0,22,22,100.0,100.0,2263.0
2024-05-01,1,22,20,90.9,97.6,4471.0
2024-05-01,2,22,21,95.5,97.9,6686.0
2024-05-01,3,22,20,90.9,106.5,9096.0
2024-05-01,4,22,20,90.9,94.9,11243.0
2024-05-01,5,22,22,100.0,101.7,13544.0
2024-05-01,6,22,19,86.4,89.8,15576.0
2024-05-01,7,22,22,100.0,104.1,17933.0
2024-05-01,8,22,20,90.9,91.4,20001.0
2024-05-01,9,22,19,86.4,86.4,21956.0
2024-05-01,10,22,21,95.5,92.7,24053.0
2024-05-01,11,22,19,86.4,70.2,25642.0
2024-05-01,12,22,20,90.9,89.8,27674.0
2024-05-01,13,22,18,81.8,107.9,30115.0
2024-05-01,14,22,20,90.9,91.3,32182.0
2024-05-01,15,22,19,86.4,92.5,34274.0
2024-05-01,16,22,19,86.4,85.6,36210.0
2024-05-01,17,22,18,81.8,85.2,38138.0
2024-05-01,18,22,18,81.8,83.3,40023.0
2024-05-01,19,22,18,81.8,91.9,42103.0
2024-05-01,20,22,19,86.4,97.8,44314.0
2024-05-01,21,22,15,68.2,76.7,46051.0
2024-05-01,22,22,16,72.7,69.7,47628.0
2024-05-01,23,22,16,72.7,79.0,49415.0
2024-05-01,24,22,15,68.2,78.4,51188.0
2024-05-01,25,22,14,63.6,71.6,52809.0
2024-05-01,26,22,14,63.6,71.9,54437.0
2024-06-01,0,18,18,100.0,100.0,2328.0
2024-06-01,1,18,17,94.4,99.1,4635.0
2024-06-01,2,18,18,100.0,99.2,6944.0
2024-06-01,3,18,18,100.0,97.6,9216.0
2024-06-01,4,18,17,94.4,88.1,11266.0
2024-06-01,5,18,16,88.9,97.2,13527.0
2024-06-01,6,18,17,94.4,99.1,15835.0
2024-06-01,7,18,17,94.4,94.0,18023.0
2024-06-01,8,18,16,88.9,85.3,20008.0
2024-06-01,9,18,17,94.4,101.5,22372.0
2024-06-01,10,18,16,88.9,84.0,24327.0
2024-06-01,11,18,17,94.4,103.6,26739.0
2024-06-01,12,18,15,83.3,86.9,28761.0
2024-06-01,13,18,15,83.3,69.6,30381.0
2024-06-01,14,18,16,88.9,100.1,32710.0
2024-06-01,15,18,16,88.9,87.0,34736.0
2024-06-01,16,18,17,94.4,97.6,37007.0
2024-06-01,17,18,17,94.4,97.3,39272.0
2024-06-01,18,18,17,94.4,99.2,41581.0
2024-06-01,19,18,16,88.9,102.5,43966.0
2024-06-01,20,18,14,77.8,59.9,45360.0
2024-06-01,21,18,14,77.8,67.4,46928.0
2024-06-01,22,18,14,77.8,68.7,48527.0
2024-06-01,23,18,12,66.7,62.5,49982.0
2024-06-01,24,18,11,61.1,59.2,51359.0
2024-06-01,25,18,10,55.6,57.8,52706.0
2024-07-01,0,28,28,100.0,100.0,2113.0
2024-07-01,1,28,28,100.0,94.7,4115.0
2024-07-01,2,28,26,92.9,86.6,5944.0
2024-07-01,3,28,27,96.4,92.8,7905.0
2024-07-01,4,28,28,100.0,93.2,9874.0
2024-07-01,5,28,26,92.9,87.6,11724.0
2024-07-01,6,28,28,100.0,96.1,13755.0
2024-07-01,7,28,25,89.3,90.1,15658.0
2024-07-01,8,28,27,96.4,92.6,17614.0
2024-07-01,9,28,24,85.7,69.6,19086.0
2024-07-01,10,28,27,96.4,92.5,21040.0
2024-07-01,11,28,28,100.0,96.6,23080.0
2024-07-01,12,28,24,85.7,66.3,24482.0
2024-07-01,13,28,23,82.1,65.8,25872.0
2024-07-01,14,28,26,92.9,74.3,27442.0
2024-07-01,15,28,25,89.3,99.4,29542.0
2024-07-01,16,28,24,85.7,83.8,31311.0
2024-07-01,17,28,26,92.9,77.9,32958.0
2024-07-01,18,28,26,92.9,79.9,34647.0
2024-07-01,19,28,26,92.9,77.4,36283.0
2024-07-01,20,28,23,82.1,61.1,37574.0
2024-07-01,21,28,23,82.1,79.0,39242.0
2024-07-01,22,28,22,78.6,71.7,40758.0
2024-07-01,23,28,23,82.1,76.1,42365.0
2024-07-01,24,28,18,64.3,53.7,43499.0
2024-08-01,0,38,38,100.0,100.0,1621.0
2024-08-01,1,38,36,94.7,95.4,3167.0
2024-08-01,2,38,37,97.4,107.8,4915.0
2024-08-01,3,38,36,94.7,92.3,6411.0
2024-08-01,4,38,37,97.4,98.0,8000.0
2024-08-01,5,38,38,100.0,103.1,9670.0
2024-08-01,6,38,37,97.4,98.6,11269.0
2024-08-01,7,38,38,100.0,97.5,12849.0
2024-08-01,8,38,34,89.5,97.7,14433.0
2024-08-01,9,38,36,94.7,98.1,16023.0
2024-08-01,10,38,37,97.4,89.7,17477.0
2024-08-01,11,38,37,97.4,98.3,19070.0
2024-08-01,12,38,33,86.8,105.7,20784.0
2024-08-01,13,38,34,89.5,96.2,22344.0
2024-08-01,14,38,32,84.2,82.9,23687.0
2024-08-01,15,38,29,76.3,86.6,25091.0
2024-08-01,16,38,32,84.2,96.7,26660.0
2024-08-01,17,38,29,76.3,91.4,28141.0
2024-08-01,18,38,30,78.9,93.1,29651.0
2024-08-01,19,38,30,78.9,92.3,31148.0
2024-08-01,20,38,27,71.1,70.1,32285.0
2024-08-01,21,38,27,71.1,69.0,33403.0
2024-08-01,22,38,27,71.1,82.3,34737.0
2024-08-01,23,38,27,71.1,84.0,36100.0
2024-09-01,0,35,35,100.0,100.0,2059.0
2024-09-01,1,35,33,94.3,91.2,3937.0
2024-09-01,2,35,32,91.4,90.9,5808.0
2024-09-01,3,35,33,94.3,105.0,7971.0
2024-09-01,4,35,35,100.0,99.1,10011.0
2024-09-01,5,35,33,94.3,90.9,11884.0
2024-09-01,6,35,33,94.3,84.1,13616.0
2024-09-01,7,35,32,91.4,91.3,15495.0
2024-09-01,8,35,32,91.4,90.5,17360.0
2024-09-01,9,35,33,94.3,93.7,19288.0
2024-09-01,10,35,32,91.4,86.5,21071.0
2024-09-01,11,35,33,94.3,95.7,23041.0
2024-09-01,12,35,32,91.4,89.2,24877.0
2024-09-01,13,35,30,85.7,88.5,26700.0
2024-09-01,14,35,31,88.6,90.4,28561.0
2024-09-01,15,35,32,91.4,89.2,30398.0
2024-09-01,16,35,29,82.9,89.3,32236.0
2024-09-01,17,35,31,88.6,91.1,34111.0
2024-09-01,18,35,31,88.6,91.3,35991.0
2024-09-01,19,35,27,77.1,84.6,37733.0
2024-09-01,20,35,29,82.9,88.8,39562.0
2024-09-01,21,35,26,74.3,71.0,41024.0
2024-09-01,22,35,28,80.0,81.1,42695.0
2024-10-01,0,29,29,100.0,100.0,1696.0
2024-10-01,1,29,28,96.6,99.7,3387.0
2024-10-01,2,29,29,100.0,104.6,5161.0
2024-10-01,3,29,29,100.0,102.0,6892.0
2024-10-01,4,29,28,96.6,98.1,8556.0
2024-10-01,5,29,27,93.1,87.2,10035.0
2024-10-01,6,29,27,93.1,77.8,11354.0
2024-10-01,7,29,29,100.0,106.3,13157.0
2024-10-01,8,29,26,89.7,92.4,14725.0
2024-10-01,9,29,24,82.8,75.8,16010.0
2024-10-01,10,29,27,93.1,95.1,17623.0
2024-10-01,11,29,27,93.1,97.3,19274.0
2024-10-01,12,29,23,79.3,90.5,20808.0
2024-10-01,13,29,25,86.2,100.3,22510.0
2024-10-01,14,29,25,86.2,99.3,24193.0
2024-10-01,15,29,24,82.8,89.0,25703.0
2024-10-01,16,29,22,75.9,89.7,27224.0
2024-10-01,17,29,22,75.9,92.1,28786.0
2024-10-01,18,29,21,72.4,72.6,30017.0
2024-10-01,19,29,22,75.9,78.5,31349.0
2024-10-01,20,29,22,75.9,74.7,32616.0
2024-10-01,21,29,20,69.0,56.1,33567.0
2024-11-01,0,34,34,100.0,100.0,2016.0
2024-11-01,1,34,30,88.2,92.8,3887.0
2024-11-01,2,34,33,97.1,98.6,5875.0
2024-11-01,3,34,31,91.2,96.9,7828.0
2024-11-01,4,34,32,94.1,98.7,9817.0
2024-11-01,5,34,28,82.4,82.0,11470.0
2024-11-01,6,34,31,91.2,96.6,13418.0
2024-11-01,7,34,28,82.4,95.4,15341.0
2024-11-01,8,34,30,88.2,98.9,17334.0
2024-11-01,9,34,30,88.2,98.3,19315.0
2024-11-01,10,34,28,82.4,91.6,21160.0
2024-11-01,11,34,29,85.3,95.1,23078.0
2024-11-01,12,34,24,70.6,68.6,24460.0
2024-11-01,13,34,24,70.6,80.6,26085.0
2024-11-01,14,34,25,73.5,81.8,27734.0
2024-11-01,15,34,24,70.6,78.9,29324.0
2024-11-01,16,34,24,70.6,82.0,30976.0
2024-11-01,17,34,24,70.6,79.7,32582.0
2024-11-01,18,34,24,70.6,80.6,34206.0
2024-11-01,19,34,21,61.8,75.7,35731.0
2024-11-01,20,34,22,64.7,69.0,37122.0
2024-12-01,0,24,24,100.0,100.0,2114.0
2024-12-01,1,24,22,91.7,96.8,4161.0
2024-12-01,2,24,20,83.3,82.3,5901.0
2024-12-01,3,24,22,91.7,100.6,8028.0
2024-12-01,4,24,23,95.8,100.2,10146.0
2024-12-01,5,24,23,95.8,100.4,12269.0
2024-12-01,6,24,21,87.5,93.7,14251.0
2024-12-01,7,24,21,87.5,96.9,16299.0
2024-12-01,8,24,20,83.3,119.1,18819.0
2024-12-01,9,24,19,79.2,71.7,20335.0
2024-12-01,10,24,21,87.5,113.5,22734.0
2024-12-01,11,24,20,83.3,82.4,24477.0
2024-12-01,12,24,19,79.2,75.3,26069.0
2024-12-01,13,24,19,79.2,75.9,27672.0
2024-12-01,14,24,18,75.0,75.2,29263.0
2024-12-01,15,24,19,79.2,74.0,30828.0
2024-12-01,16,24,17,70.8,53.5,31960.0
2024-12-01,17,24,18,75.0,59.3,33214.0
2024-12-01,18,24,17,70.8,57.6,34433.0
2024-12-01,19,24,17,70.8,57.6,35650.0
2025-01-01,0,28,28,100.0,100.0,2252.0
2025-01-01,1,28,25,89.3,92.2,4329.0
2025-01-01,2,28,27,96.4,100.7,6596.0
2025-01-01,3,28,25,89.3,84.0,8489.0
2025-01-01,4,28,26,92.9,91.6,10553.0
2025-01-01,5,28,25,89.3,61.0,11926.0
2025-01-01,6,28,27,96.4,112.2,14453.0
2025-01-01,7,28,27,96.4,83.5,16334.0
2025-01-01,8,28,27,96.4,101.0,18608.0
2025-01-01,9,28,28,100.0,98.6,20827.0
2025-01-01,10,28,26,92.9,99.2,23061.0
2025-01-01,11,28,27,96.4,85.9,24994.0
2025-01-01,12,28,26,92.9,95.6,27148.0
2025-01-01,13,28,24,85.7,79.7,28943.0
2025-01-01,14,28,23,82.1,80.0,30746.0
2025-01-01,15,28,24,85.7,95.4,32893.0
2025-01-01,16,28,25,89.3,95.8,35051.0
2025-01-01,17,28,24,85.7,92.1,37126.0
2025-01-01,18,28,24,85.7,78.6,38897.0
2025-02-01,0,17,17,100.0,100.0,1936.0
2025-02-01,1,17,17,100.0,96.0,3795.0
2025-02-01,2,17,17,100.0,92.6,5588.0
2025-02-01,3,17,15,88.2,97.9,7484.0
2025-02-01,4,17,17,100.0,99.4,9410.0
2025-02-01,5,17,16,94.1,96.3,11274.0
2025-02-01,6,17,17,100.0,124.8,13689.0
2025-02-01,7,17,15,88.2,89.7,15426.0
2025-02-01,8,17,16,94.1,95.9,17283.0
2025-02-01,9,17,16,94.1,97.0,19161.0
2025-02-01,10,17,15,88.2,89.1,20885.0
2025-02-01,11,17,16,94.1,97.6,22775.0
2025-02-01,12,17,13,76.5,93.5,24585.0
2025-02-01,13,17,13,76.5,87.9,26287.0
2025-02-01,14,17,14,82.4,93.2,28091.0
2025-02-01,15,17,13,76.5,91.6,29865.0
2025-02-01,16,17,12,70.6,59.0,31006.0
2025-02-01,17,17,10,58.8,55.0,32070.0
2025-03-01,0,22,22,100.0,100.0,1726.0
2025-03-01,1,22,21,95.5,104.0,3520.0
2025-03-01,2,22,21,95.5,106.9,5364.0
2025-03-01,3,22,18,81.8,82.6,6790.0
2025-03-01,4,22,21,95.5,102.5,8558.0
2025-03-01,5,22,20,90.9,96.0,10214.0
2025-03-01,6,22,20,90.9,99.8,11936.0
2025-03-01,7,22,20,90.9,101.5,13688.0
2025-03-01,8,22,19,86.4,90.5,15249.0
2025-03-01,9,22,19,86.4,117.7,17280.0
2025-03-01,10,22,18,81.8,82.7,18707.0
2025-03-01,11,22,18,81.8,71.1,19933.0
2025-03-01,12,22,14,63.6,68.3,21113.0
2025-03-01,13,22,13,59.1,49.6,21968.0
2025-03-01,14,22,13,59.1,61.3,23026.0
2025-03-01,15,22,14,63.6,59.5,24052.0
2025-03-01,16,22,11,50.0,47.0,24863.0
2025-04-01,0,18,18,100.0,100.0,1585.0
2025-04-01,1,18,18,100.0,108.7,3309.0
2025-04-01,2,18,15,83.3,88.4,4710.0
2025-04-01,3,18,15,83.3,82.9,6025.0
2025-04-01,4,18,16,88.9,97.4,7569.0
2025-04-01,5,18,18,100.0,102.9,9201.0
2025-04-01,6,18,18,100.0,113.9,11006.0
2025-04-01,7,18,18,100.0,102.5,12630.0
2025-04-01,8,18,17,94.4,81.7,13926.0
2025-04-01,9,18,16,88.9,81.0,15210.0
2025-04-01,10,18,15,83.3,77.7,16442.0
2025-04-01,11,18,15,83.3,78.8,17691.0
2025-04-01,12,18,14,77.8,39.2,18313.0
2025-04-01,13,18,14,77.8,38.4,18922.0
2025-04-01,14,18,14,77.8,39.0,19540.0
2025-04-01,15,18,14,77.8,40.5,20182.0
2025-05-01,0,27,27,100.0,100.0,2074.0
2025-05-01,1,27,26,96.3,96.8,4081.0
2025-05-01,2,27,25,92.6,97.9,6111.0
2025-05-01,3,27,25,92.6,89.9,7975.0
2025-05-01,4,27,26,96.3,84.4,9726.0
2025-05-01,5,27,25,92.6,99.5,11789.0
2025-05-01,6,27,26,96.3,100.0,13863.0
2025-05-01,7,27,25,92.6,83.1,15587.0
2025-05-01,8,27,25,92.6,114.1,17953.0
2025-05-01,9,27,26,96.3,84.3,19702.0
2025-05-01,10,27,27,100.0,100.0,21775.0
2025-05-01,11,27,26,96.3,102.4,23898.0
2025-05-01,12,27,23,85.2,94.3,25854.0
2025-05-01,13,27,21,77.8,69.5,27295.0
2025-05-01,14,27,20,74.1,91.9,29201.0
2025-06-01,0,36,36,100.0,100.0,1400.0
2025-06-01,1,36,33,91.7,96.4,2750.0
2025-06-01,2,36,35,97.2,100.6,4158.0
2025-06-01,3,36,33,91.7,97.8,5528.0
2025-06-01,4,36,34,94.4,98.0,6900.0
2025-06-01,5,36,34,94.4,90.1,8161.0
2025-06-01,6,36,35,97.2,98.2,9536.0
2025-06-01,7,36,35,97.2,101.4,10955.0
2025-06-01,8,36,34,94.4,99.9,12355.0
2025-06-01,9,36,35,97.2,98.8,13738.0
2025-06-01,10,36,34,94.4,98.3,15114.0
2025-06-01,11,36,35,97.2,99.9,16512.0
2025-06-01,12,36,27,75.0,74.7,17558.0
2025-06-01,13,36,27,75.0,75.3,18611.0
2025-07-01,0,26,26,100.0,100.0,3213.0
2025-07-01,1,26,23,88.5,85.5,5961.0
2025-07-01,2,26,25,96.2,111.2,9533.0
2025-07-01,3,26,25,96.2,101.8,12804.0
2025-07-01,4,26,25,96.2,90.9,15726.0
2025-07-01,5,26,24,92.3,93.7,18736.0
2025-07-01,6,26,21,80.8,81.9,21367.0
2025-07-01,7,26,22,84.6,87.8,24187.0
2025-07-01,8,26,22,84.6,87.1,26987.0
2025-07-01,9,26,23,88.5,99.6,30185.0
2025-07-01,10,26,23,88.5,111.5,33769.0
2025-07-01,11,26,23,88.5,92.0,36724.0
2025-07-01,12,26,17,65.4,80.5,39309.0
2025-08-01,0,26,26,100.0,100.0,2000.0
2025-08-01,1,26,22,84.6,62.7,3255.0
2025-08-01,2,26,22,84.6,97.2,5200.0
2025-08-01,3,26,23,88.5,64.0,6481.0
2025-08-01,4,26,26,100.0,101.9,8519.0
2025-08-01,5,26,22,84.6,62.7,9774.0
2025-08-01,6,26,23,88.5,63.0,11034.0
2025-08-01,7,26,22,84.6,60.9,12252.0
2025-08-01,8,26,20,76.9,58.6,13425.0
2025-08-01,9,26,20,76.9,60.0,14625.0
2025-08-01,10,26,19,73.1,48.4,15593.0
2025-08-01,11,26,21,80.8,59.3,16780.0
2025-09-01,0,18,18,100.0,100.0,1476.0
2025-09-01,1,18,17,94.4,93.8,2861.0
2025-09-01,2,18,17,94.4,94.5,4255.0
2025-09-01,3,18,16,88.9,76.2,5380.0
2025-09-01,4,18,16,88.9,75.0,6487.0
2025-09-01,5,18,13,72.2,64.7,7443.0
2025-09-01,6,18,15,83.3,67.1,8434.0
2025-09-01,7,18,13,72.2,64.6,9387.0
2025-09-01,8,18,14,77.8,65.8,10359.0
2025-09-01,9,18,13,72.2,65.8,11330.0
2025-09-01,10,18,12,66.7,61.9,12243.0
2025-10-01,0,17,17,100.0,100.0,2437.0
2025-10-01,1,17,15,88.2,87.0,4559.0
2025-10-01,2,17,12,70.6,86.3,6663.0
2025-10-01,3,17,14,82.4,89.7,8850.0
2025-10-01,4,17,14,82.4,92.1,11096.0
2025-10-01,5,17,14,82.4,94.8,13408.0
2025-10-01,6,17,13,76.5,93.4,15684.0
2025-10-01,7,17,13,76.5,93.5,17964.0
2025-10-01,8,17,11,64.7,82.1,19964.0
2025-10-01,9,17,11,64.7,86.7,22077.0
2025-11-01,0,25,25,100.0,100.0,2064.0
2025-11-01,1,25,24,96.0,100.5,4138.0
2025-11-01,2,25,24,96.0,98.8,6178.0
2025-11-01,3,25,24,96.0,97.7,8195.0
2025-11-01,4,25,24,96.0,99.0,10238.0
2025-11-01,5,25,24,96.0,98.1,12263.0
2025-11-01,6,25,24,96.0,98.5,14296.0
2025-11-01,7,25,24,96.0,98.6,16331.0
2025-11-01,8,25,24,96.0,98.6,18366.0
2025-12-01,0,25,25,100.0,100.0,2830.0
2025-12-01,1,25,25,100.0,98.8,5626.0
2025-12-01,2,25,22,88.0,96.4,8355.0
2025-12-01,3,25,23,92.0,84.6,10747.0
2025-12-01,4,25,25,100.0,99.9,13575.0
2025-12-01,5,25,24,96.0,104.9,16544.0
2025-12-01,6,25,24,96.0,98.8,19340.0
2025-12-01,7,25,25,100.0,97.8,22107.0
2026-01-01,0,16,16,100.0,100.0,2145.0
2026-01-01,1,16,16,100.0,94.9,4180.0
2026-01-01,2,16,15,93.8,72.0,5724.0
2026-01-01,3,16,14,87.5,93.9,7737.0
2026-01-01,4,16,16,100.0,100.5,9893.0
2026-01-01,5,16,16,100.0,101.7,12075.0
2026-01-01,6,16,16,100.0,98.7,14193.0
2026-02-01,0,18,18,100.0,100.0,1949.0
2026-02-01,1,18,18,100.0,99.6,3890.0
2026-02-01,2,18,18,100.0,97.7,5795.0
2026-02-01,3,18,17,94.4,97.9,7704.0
2026-02-01,4,18,17,94.4,96.4,9583.0
2026-02-01,5,18,17,94.4,95.9,11452.0
2026-03-01,0,13,13,100.0,100.0,2515.0
2026-03-01,1,13,12,92.3,98.7,4997.0
2026-03-01,2,13,13,100.0,96.8,7430.0
2026-03-01,3,13,13,100.0,95.2,9824.0
2026-03-01,4,13,11,84.6,79.9,11833.0
2026-04-01,0,15,15,100.0,100.0,2015.0
2026-04-01,1,15,15,100.0,98.9,4008.0
2026-04-01,2,15,14,93.3,98.1,5984.0
2026-04-01,3,15,15,100.0,104.0,8079.0
2026-05-01,0,12,12,100.0,100.0,1742.0
2026-05-01,1,12,10,83.3,75.2,3051.0
2026-05-01,2,12,12,100.0,96.8,4737.0
2026-06-01,0,11,11,100.0,100.0,1310.0
2026-06-01,1,11,8,72.7,89.2,2479.0
2026-07-01,0,10,10,100.0,100.0,1320.0
